date,open,high,low,close,volume,Name
2013-05-21,65.5961,65.8421,64.8284,65.3599,476928,UHS
2013-05-22,65.6453,67.0133,64.976,65.5961,1075411,UHS
2013-05-23,65.1925,66.0586,64.6119,65.9602,483023,UHS
2013-05-24,65.5075,65.724,65.0548,65.6748,454843,UHS
2013-05-28,66.4818,68.401,66.4818,68.273,944757,UHS
2013-05-29,67.8006,68.0368,66.0586,66.4228,957363,UHS
2013-05-30,67.0728,69.3775,67.0728,69.1904,1115688,UHS
2013-05-31,68.7964,69.2593,67.9907,68.0971,774141,UHS
2013-06-03,68.2843,68.6684,67.2137,68.0577,803739,UHS
2013-06-04,67.9987,69.0919,67.1221,67.5948,516590,UHS
2013-06-05,67.4077,68.0971,66.7478,66.7774,718435,UHS
2013-06-06,66.9152,67.9002,66.6592,67.782,409620,UHS
2013-06-07,67.9199,68.9442,67.9002,68.8752,503825,UHS
2013-06-10,68.9245,70.0374,68.8358,69.7813,885202,UHS
2013-06-11,69.1018,69.8601,68.7964,69.0821,494999,UHS
2013-06-12,69.9389,70.227,68.4517,68.8161,584476,UHS
2013-06-13,68.7176,70.2443,68.1956,70.1261,399604,UHS
2013-06-14,69.6336,70.4609,69.2101,69.279,375169,UHS
2013-06-17,69.7617,69.9882,68.4222,68.8555,479376,UHS
2013-06-18,68.9442,69.5253,68.6526,69.0131,301623,UHS
2013-06-19,69.151,69.5056,67.1122,67.3388,723467,UHS
2013-06-20,67.0925,67.2403,65.1818,65.3788,656205,UHS
2013-06-21,65.6939,65.9205,64.1673,64.8272,627293,UHS
2013-06-24,64.1969,65.3985,63.8718,64.3939,705791,UHS
2013-06-25,64.8666,64.9848,64.0393,64.5416,435120,UHS
2013-06-26,65.0242,65.5905,64.3939,64.7583,407478,UHS
2013-06-27,65.1916,66.0978,65.0439,65.9303,411037,UHS
2013-06-28,65.6644,66.6592,65.6102,65.95,1047507,UHS
2013-07-01,65.9894,67.1221,65.8712,67.063,650918,UHS
2013-07-02,67.063,67.3486,66.866,67.1812,766282,UHS
2013-07-03,66.4523,66.5311,64.5317,64.8272,1262942,UHS
2013-07-05,65.0045,65.5265,62.5521,62.8672,1402171,UHS
2013-07-08,63.1233,64.0097,62.7786,63.665,727997,UHS
2013-07-09,63.9211,65.1227,63.8325,64.975,1166773,UHS
2013-07-10,65.1128,66.2849,64.9257,66.2455,564429,UHS
2013-07-11,66.6789,66.8758,65.4576,66.0682,569262,UHS
2013-07-12,66.147,67.0925,65.6501,66.7971,718745,UHS
2013-07-15,67.0925,67.516,66.7084,67.0827,627339,UHS
2013-07-16,67.4077,68.6382,66.8857,67.0531,770081,UHS
2013-07-17,67.2403,67.2994,65.9008,65.9697,677712,UHS
2013-07-18,66.275,67.516,66.2741,67.4471,472355,UHS
2013-07-19,65.9205,66.9743,65.0242,66.4326,559307,UHS
2013-07-22,66.3637,67.3289,66.1372,67.0827,425787,UHS
2013-07-23,67.191,67.4569,66.6001,66.7577,801191,UHS
2013-07-24,67.0039,67.1122,66.1569,66.4228,575231,UHS
2013-07-25,66.1372,66.472,64.9651,66.1569,831481,UHS
2013-07-26,67.6638,68.8634,66.9054,68.6388,1331856,UHS
2013-07-29,69.023,69.8601,68.3926,68.7964,737755,UHS
2013-07-30,68.9442,69.2987,68.0577,69.0427,775230,UHS
2013-07-31,69.0525,69.3381,68.8358,68.8949,935173,UHS
2013-08-01,69.348,69.6829,68.6241,68.757,1234718,UHS
2013-08-02,68.4911,69.5253,68.2646,69.2987,981956,UHS
2013-08-05,69.2298,70.6481,68.7964,70.2837,644571,UHS
2013-08-06,70.2147,70.2147,69.2199,69.6435,603468,UHS
2013-08-07,69.3184,69.8798,68.7964,69.6238,633249,UHS
2013-08-08,69.4268,70.1753,69.3381,69.8995,509323,UHS
2013-08-09,69.87,71.6428,69.87,70.786,656554,UHS
2013-08-12,70.4117,70.8047,69.9882,70.5397,430999,UHS
2013-08-13,70.7466,71.2489,70.1162,70.6973,339244,UHS
2013-08-14,71.0617,71.3375,70.5555,70.9337,282922,UHS
2013-08-15,70.1655,70.2443,68.7275,68.7964,494140,UHS
2013-08-16,68.9442,69.151,68.2646,68.7472,407206,UHS
2013-08-19,68.8457,69.6435,68.2449,68.2646,461288,UHS
2013-08-20,68.1759,69.3578,68.048,69.1313,346527,UHS
2013-08-21,69.0722,69.0722,67.4372,67.9002,580442,UHS
2013-08-22,67.9199,68.9934,67.7032,68.5994,379944,UHS
2013-08-23,68.6782,69.6435,68.3926,69.3578,475754,UHS
2013-08-26,69.3392,70.3248,69.211,70.1868,319415,UHS
2013-08-27,69.5806,69.625,68.3141,68.3141,555623,UHS
2013-08-28,68.3141,68.8562,67.9593,67.9987,271182,UHS
2013-08-29,67.9297,68.5408,67.2792,68.2254,267209,UHS
2013-08-30,68.1465,68.3141,66.5301,66.7765,485975,UHS
2013-09-03,67.6045,68.0086,66.1359,66.8948,670477,UHS
2013-09-04,66.8455,67.4763,66.6878,66.9934,334334,UHS
2013-09-05,67.0919,67.6932,66.8554,67.2792,401629,UHS
2013-09-06,67.5453,68.0283,65.9584,67.4763,678057,UHS
2013-09-09,67.3383,67.4467,66.5301,66.6287,620559,UHS
2013-09-10,67.0229,68.6886,67.0229,68.6689,530372,UHS
2013-09-11,68.6689,69.9305,68.3437,69.4279,481001,UHS
2013-09-12,69.1913,69.7137,68.5408,69.6644,394548,UHS
2013-09-13,69.8911,71.1034,69.6546,70.6698,634437,UHS
2013-09-16,71.4583,71.478,70.2361,70.4628,505223,UHS
2013-09-17,70.5613,71.7835,70.4036,71.7835,466588,UHS
2013-09-18,71.754,72.7199,71.3203,72.5917,471971,UHS
2013-09-19,72.9071,73.1191,72.3158,72.4538,468040,UHS
2013-09-20,72.9367,73.1437,71.6061,72.3158,940701,UHS
2013-09-23,72.3158,72.4045,71.2119,72.3355,453182,UHS
2013-09-24,72.2763,73.0254,71.8821,71.9412,393363,UHS
2013-09-25,72.1088,72.8677,71.6258,72.6312,417995,UHS
2013-09-26,72.6213,73.7942,72.4242,73.2028,307177,UHS
2013-09-27,72.7199,73.6562,72.503,73.2225,559871,UHS
2013-09-30,72.4932,74.2673,72.2961,73.9125,696471,UHS
2013-10-01,74.3659,75.6866,73.8977,74.5827,1064738,UHS
2013-10-02,74.0998,75.8049,74.0209,75.5782,918394,UHS
2013-10-03,75.3022,76.4357,75.1938,75.9232,929069,UHS
2013-10-04,76.0513,77.0764,75.8246,76.5441,546831,UHS
2013-10-07,78.0029,78.0029,75.795,75.795,536360,UHS
2013-10-08,76.0907,77.2045,74.7355,74.7897,549106,UHS
2013-10-09,75.0263,75.4895,74.2181,74.9178,547756,UHS
2013-10-10,75.6965,76.0907,75.2234,75.3614,508665,UHS
2013-10-11,75.1938,76.6131,75.0558,76.5737,874935,UHS
2013-10-14,75.9922,76.5934,75.6275,76.4259,445671,UHS
2013-10-15,76.3963,76.761,75.7063,75.9232,425562,UHS
2013-10-16,76.4751,76.9285,76.1696,76.4948,590109,UHS
2013-10-17,76.4554,78.1014,76.2583,77.993,685445,UHS
2013-10-18,78.6435,79.7277,78.062,79.2053,674229,UHS
2013-10-21,79.1955,79.6292,78.7421,79.2448,547584,UHS
2013-10-22,79.5207,80.1072,78.6337,78.9096,598406,UHS
2013-10-23,78.5154,78.7519,77.6875,78.7125,438463,UHS
2013-10-24,78.7125,79.1166,77.2538,77.855,677522,UHS
2013-10-25,77.8944,78.8604,76.6525,78.6041,523097,UHS
2013-10-28,78.4267,78.8505,77.5593,77.5593,610058,UHS
2013-10-29,77.441,78.9096,77.2055,78.3084,900092,UHS
2013-10-30,79.1363,80.5064,77.5396,79.5602,1141838,UHS
2013-10-31,79.5404,80.5162,79.3532,79.4025,815896,UHS
2013-11-01,79.4715,80.0333,78.5252,79.6193,545295,UHS
2013-11-04,79.777,80.3585,79.3137,80.2501,694425,UHS
2013-11-05,80.5064,80.5064,78.8751,79.0871,602365,UHS
2013-11-06,79.2546,79.8558,78.4365,78.9786,477436,UHS
2013-11-07,79.1561,79.2842,76.1302,76.1992,772176,UHS
2013-11-08,77.2144,78.9096,76.4061,78.8505,1026560,UHS
2013-11-11,78.9195,79.984,78.7125,79.5602,533306,UHS
2013-11-12,79.2743,79.7967,78.7224,79.5996,615090,UHS
2013-11-13,79.6883,79.9347,78.6544,79.225,659762,UHS
2013-11-14,79.225,79.6587,78.9885,79.5897,583220,UHS
2013-11-15,79.7869,79.8756,78.062,78.2591,963414,UHS
2013-11-18,78.2887,78.7519,77.6924,78.3675,890447,UHS
2013-11-19,78.476,78.6632,77.6677,77.9733,726718,UHS
2013-11-20,78.0127,78.8505,78.0127,78.6435,715129,UHS
2013-11-21,78.3577,79.1536,78.2296,78.7421,763639,UHS
2013-11-22,79.1462,79.1748,78.3281,78.6238,818496,UHS
2013-11-25,78.9885,80.3881,78.4957,80.3585,1200618,UHS
2013-11-26,80.9006,81.7877,80.2402,80.9105,4447886,UHS
2013-11-27,81.3937,81.66,80.7132,81.0781,508207,UHS
2013-11-29,81.3543,81.7783,80.9992,81.2951,265011,UHS
2013-12-02,81.6206,82.3405,80.8316,81.1472,765601,UHS
2013-12-03,81.1472,81.9855,80.8118,81.946,570245,UHS
2013-12-04,81.4628,81.8277,80.9105,81.6699,534968,UHS
2013-12-05,81.4233,81.6008,80.9006,81.0781,552757,UHS
2013-12-06,81.8868,82.6758,81.591,81.7685,573770,UHS
2013-12-09,81.6699,82.015,80.6935,81.8572,645249,UHS
2013-12-10,81.5417,82.3405,81.305,81.9756,571563,UHS
2013-12-11,82.3011,82.3011,79.6086,79.727,598208,UHS
2013-12-12,79.5297,80.2596,79.2437,79.8157,659016,UHS
2013-12-13,80.1708,80.654,79.3917,80.2102,420265,UHS
2013-12-16,80.3483,80.8118,79.6974,79.8059,408348,UHS
2013-12-17,79.5495,80.1609,78.6224,79.1451,863159,UHS
2013-12-18,79.4114,79.8848,78.2979,79.4213,708030,UHS
2013-12-19,79.2536,79.3325,77.3798,77.932,1760513,UHS
2013-12-20,77.4784,78.5534,77.0346,78.3068,1844668,UHS
2013-12-23,78.4646,78.8591,78.2526,78.583,494043,UHS
2013-12-24,78.7112,79.8749,78.435,79.4213,261024,UHS
2013-12-26,79.7862,79.9735,79.0662,79.4804,297008,UHS
2013-12-27,79.4804,79.7073,78.8197,79.0465,392205,UHS
2013-12-30,79.0859,79.441,78.297,79.0761,416857,UHS
2013-12-31,79.3325,80.4469,78.9873,80.1412,339556,UHS
2014-01-02,79.727,80.7625,79.0958,79.51,544022,UHS
2014-01-03,79.5988,81.3247,79.5988,80.3878,645814,UHS
2014-01-06,80.516,80.8118,78.5534,79.4015,603909,UHS
2014-01-07,79.8157,82.2024,79.8157,81.6797,670746,UHS
2014-01-08,81.6699,82.2813,81.0288,81.8967,422549,UHS
2014-01-09,82.3602,83.3267,81.9164,83.2774,726501,UHS
2014-01-10,83.0407,84.3721,82.7843,84.3426,581825,UHS
2014-01-13,84.3721,84.7666,82.5673,82.8336,816302,UHS
2014-01-14,83.1591,84.599,83.0407,84.5102,529535,UHS
2014-01-15,84.3031,84.8258,84.0565,84.6187,502116,UHS
2014-01-16,84.4905,84.8948,83.8889,84.0861,810771,UHS
2014-01-17,83.8987,84.4412,83.4747,84.1059,376719,UHS
2014-01-21,84.3426,84.5694,81.5811,82.735,933012,UHS
2014-01-22,82.735,83.2084,82.1433,82.6561,573255,UHS
2014-01-23,82.2616,82.5871,81.2852,81.7685,662945,UHS
2014-01-24,81.3839,81.3839,79.1747,79.2141,833276,UHS
2014-01-27,79.1747,79.5889,77.8926,78.583,733678,UHS
2014-01-28,78.7112,80.0919,78.3069,79.5495,697395,UHS
2014-01-29,78.8591,79.8848,78.4745,78.8788,387034,UHS
2014-01-30,79.2733,79.9834,78.9281,79.7862,511028,UHS
2014-01-31,79.0761,81.8474,78.5238,80.8907,695268,UHS
2014-02-03,80.5554,81.1176,77.4291,77.5967,988665,UHS
2014-02-04,77.9419,78.4843,76.5908,77.1135,874728,UHS
2014-02-05,77.1135,77.5573,76.0582,77.1233,564190,UHS
2014-02-06,77.1924,77.5671,76.7782,77.1431,591262,UHS
2014-02-07,77.3304,77.794,76.7584,77.5573,607743,UHS
2014-02-10,77.3896,79.0662,76.8916,79.0169,688029,UHS
2014-02-11,78.9479,79.7862,78.2181,79.7566,417145,UHS
2014-02-12,79.51,80.8612,78.938,79.1747,749477,UHS
2014-02-13,78.0504,81.3148,77.4685,80.9006,530348,UHS
2014-02-14,81.1077,82.232,80.9795,81.3641,440850,UHS
2014-02-18,81.5417,82.4095,81.088,82.2715,468525,UHS
2014-02-19,81.9263,82.2912,80.8414,80.871,513243,UHS
2014-02-20,81.0387,81.2655,79.9341,81.0584,762733,UHS
2014-02-21,81.3641,81.9953,80.7132,80.9696,609929,UHS
2014-02-24,80.8809,82.4194,80.6935,81.9657,597276,UHS
2014-02-25,81.4825,81.5712,79.579,80.1116,1026950,UHS
2014-02-26,80.1708,81.877,79.7714,81.2951,806252,UHS
2014-02-27,81.0583,81.7392,80.7326,81.1175,742115,UHS
2014-02-28,79.3807,81.3297,77.5156,79.2228,1413416,UHS
2014-03-03,78.6307,80.1899,78.157,80.0024,876608,UHS
2014-03-04,80.9399,81.0287,80.328,80.4267,677447,UHS
2014-03-05,80.4958,80.6636,79.5682,79.805,475837,UHS
2014-03-06,80.1701,80.2392,78.8379,78.8873,563798,UHS
2014-03-07,79.3313,79.6471,77.8314,78.1965,845089,UHS
2014-03-10,78.157,78.4629,77.2018,77.486,611741,UHS
2014-03-11,77.6833,77.9202,75.8676,76.0945,1007170,UHS
2014-03-12,75.5024,76.0353,74.6735,75.759,1282247,UHS
2014-03-13,76.1143,76.213,73.6176,74.111,1279238,UHS
2014-03-14,73.9235,74.4761,73.213,73.6077,1105132,UHS
2014-03-17,73.8248,74.6044,73.3117,73.3709,529973,UHS
2014-03-18,74.7426,76.3092,74.6834,75.9366,1467662,UHS
2014-03-19,75.8873,76.8445,75.6505,75.8577,821790,UHS
2014-03-20,75.8774,76.7162,75.7195,75.7985,641772,UHS
2014-03-21,76.1833,76.2327,74.5255,74.6044,1075902,UHS
2014-03-24,74.6044,75.1373,73.7212,74.2788,822511,UHS
2014-03-25,74.634,75.8084,74.1998,74.9695,762729,UHS
2014-03-26,75.5123,78.009,75.2656,77.1406,1371356,UHS
2014-03-27,77.2195,77.3034,76.4794,77.1899,616736,UHS
2014-03-28,77.5649,79.5682,77.5649,78.6504,779452,UHS
2014-03-31,79.5386,81.0534,78.8577,80.9892,1040004,UHS
2014-04-01,81.078,81.8675,80.7622,81.2261,981518,UHS
2014-04-02,81.4136,81.8478,81.0583,81.4925,603725,UHS
2014-04-03,81.5221,82.3313,81.3617,81.9464,1380595,UHS
2014-04-04,82.5879,83.3675,80.1603,80.259,1056844,UHS
2014-04-07,80.0122,80.0517,76.1044,76.8248,1281242,UHS
2014-04-08,76.657,77.3379,75.5616,76.7557,924303,UHS
2014-04-09,76.6472,77.0024,75.9761,76.6274,897346,UHS
2014-04-10,76.7458,76.8445,74.4564,74.8709,808730,UHS
2014-04-11,74.4367,75.3444,72.6801,73.6275,450536,UHS
2014-04-14,74.0025,74.3281,73.3413,74.1011,678404,UHS
2014-04-15,74.2689,74.9498,72.8183,74.0518,605509,UHS
2014-04-16,74.5748,74.7031,73.1242,73.9038,439354,UHS
2014-04-17,73.5189,74.1209,72.0979,73.6669,667164,UHS
2014-04-21,73.7656,74.9793,73.6669,74.4959,462680,UHS
2014-04-22,74.4465,75.5123,74.3085,74.7228,283545,UHS
2014-04-23,74.7426,76.1518,74.5847,75.5913,636195,UHS
2014-04-24,75.9662,77.6143,75.7985,77.0912,1137983,UHS
2014-04-25,81.907,84.8675,80.4859,81.828,1706994,UHS
2014-04-28,82.8938,83.2491,81.3346,82.0254,1156301,UHS
2014-04-29,81.8675,82.7458,81.0386,81.7984,937406,UHS
2014-04-30,81.8182,82.2129,80.5846,80.7129,855388,UHS
2014-05-01,81.0879,82.9135,80.3281,82.2228,904125,UHS
2014-05-02,82.4102,83.1306,81.9267,82.3017,1095831,UHS
2014-05-05,81.8971,82.4793,81.3445,82.282,423943,UHS
2014-05-06,81.9662,82.8938,81.0879,81.601,745855,UHS
2014-05-07,81.6701,81.8378,80.2984,81.3741,573659,UHS
2014-05-08,81.1076,82.5583,80.4662,80.8313,610776,UHS
2014-05-09,80.7918,81.5517,80.3202,81.4826,451712,UHS
2014-05-12,81.7195,83.3576,81.6307,83.2096,683670,UHS
2014-05-13,83.3872,84.9957,83.3181,84.8675,817234,UHS
2014-05-14,84.7392,85.2819,84.2556,84.7293,834957,UHS
2014-05-15,84.4629,84.4629,82.8741,83.8214,469266,UHS
2014-05-16,83.5451,83.7523,82.3116,83.7129,719977,UHS
2014-05-19,83.5352,85.2425,83.5254,84.8477,714959,UHS
2014-05-20,84.9563,86.1799,84.8379,86.0813,773188,UHS
2014-05-21,86.3181,87.8872,86.249,87.1273,1140101,UHS
2014-05-22,87.4233,87.8566,86.999,87.078,586964,UHS
2014-05-23,87.3641,88.9529,86.6882,88.2523,895038,UHS
2014-05-27,88.6766,89.1898,87.5023,87.8872,581593,UHS
2014-05-28,88.0451,88.3707,86.7227,88.1733,727685,UHS
2014-05-29,88.3709,88.9929,86.949,88.6078,611473,UHS
2014-05-30,88.4301,89.5113,88.2721,88.44,907590,UHS
2014-06-02,88.3709,88.8843,87.5415,88.7856,556439,UHS
2014-06-03,88.8547,91.6786,88.124,91.6588,1308161,UHS
2014-06-04,91.333,91.5897,90.7875,91.5502,523347,UHS
2014-06-05,91.2639,94.4512,91.2639,94.0582,986377,UHS
2014-06-06,94.0582,94.9073,93.0362,93.6237,712552,UHS
2014-06-09,93.3176,93.5151,92.6561,92.8141,586850,UHS
2014-06-10,92.7153,92.8437,91.4614,92.192,491136,UHS
2014-06-11,91.7773,92.113,90.7406,91.5996,471613,UHS
2014-06-12,91.5009,91.8958,90.8294,91.333,515688,UHS
2014-06-13,91.4219,93.0609,91.175,92.8832,619075,UHS
2014-06-16,92.7351,93.8015,92.1624,93.5151,753461,UHS
2014-06-17,93.6139,95.6281,93.446,94.0878,955662,UHS
2014-06-18,93.8508,94.2655,93.0412,94.147,449078,UHS
2014-06-19,94.2853,95.1986,93.7027,95.1344,410056,UHS
2014-06-20,95.4109,96.1811,94.9666,95.8355,495652,UHS
2014-06-23,96.0033,97.6424,95.6676,97.5042,568464,UHS
2014-06-24,97.0697,97.2771,95.6084,95.6676,631447,UHS
2014-06-25,95.4405,96.2798,93.5842,95.7664,708918,UHS
2014-06-26,95.9243,96.2107,92.2414,94.7296,1382298,UHS
2014-06-27,94.6111,95.1739,93.3078,93.8015,1460776,UHS
2014-06-30,93.9594,95.0456,93.9594,94.5519,1027948,UHS
2014-07-01,94.6605,95.8453,93.6634,94.463,875327,UHS
2014-07-02,94.1569,95.3023,93.762,95.2628,448593,UHS
2014-07-03,95.2628,95.7762,94.4828,94.9863,350310,UHS
2014-07-07,94.6012,94.8185,93.0017,93.0116,408391,UHS
2014-07-08,92.9721,93.2979,90.2271,91.6292,977578,UHS
2014-07-09,92.0242,93.13,91.6885,92.5475,463021,UHS
2014-07-10,91.4021,91.8958,90.5727,91.2836,794909,UHS
2014-07-11,91.1158,91.7872,90.5076,91.2935,490524,UHS
2014-07-14,91.8267,92.0242,90.6418,91.0565,595989,UHS
2014-07-15,90.9282,91.728,90.1086,90.6715,619563,UHS
2014-07-16,94.542,95.8256,93.3078,95.7565,2044598,UHS
2014-07-17,95.3615,96.3193,94.0681,94.3149,693309,UHS
2014-07-18,94.3445,95.7269,93.5941,95.0851,582061,UHS
2014-07-21,94.6111,94.9567,93.0708,94.6704,405743,UHS
2014-07-22,94.858,96.6649,92.745,95.6775,1325870,UHS
2014-07-23,95.8059,96.9019,94.6802,96.3292,1144112,UHS
2014-07-24,97.1388,97.6523,96.0823,96.3094,1139901,UHS
2014-07-25,103.6753,107.4274,102.0264,102.915,2853185,UHS
2014-07-28,103.5568,107.5853,103.3791,106.7066,2140477,UHS
2014-07-29,107.0127,109.0368,106.045,107.6643,1107524,UHS
2014-07-30,107.694,108.0593,106.1734,106.7559,873496,UHS
2014-07-31,106.5585,106.5585,104.3072,105.2551,1017888,UHS
2014-08-01,104.4652,105.2749,103.6852,105.107,739157,UHS
2014-08-04,104.4652,105.2749,103.6852,105.107,739157,UHS
2014-08-05,105.0576,106.3116,104.4751,105.5316,750556,UHS
2014-08-06,105.0873,106.6621,104.5551,105.4526,545856,UHS
2014-08-07,105.8969,106.8251,105.2255,106.0944,741043,UHS
2014-08-08,105.9957,106.7361,103.8333,105.7686,651997,UHS
2014-08-11,105.887,106.677,105.0379,105.5513,532540,UHS
2014-08-12,105.6501,106.3116,104.5639,105.8574,652763,UHS
2014-08-13,105.9562,107.615,105.9562,107.5064,640700,UHS
2014-08-14,107.7927,108.9381,107.7137,108.5332,470744,UHS
2014-08-15,108.7011,109.034,107.2793,108.237,301094,UHS
2014-08-18,108.8097,110.2908,108.3654,110.2908,457021,UHS
2014-08-19,110.7647,111.0116,109.9748,110.7746,484427,UHS
2014-08-20,110.35,111.1202,109.491,110.9227,421019,UHS
2014-08-21,110.903,111.446,110.5376,110.9622,507137,UHS
2014-08-22,111.0214,111.8508,110.587,111.5744,500643,UHS
2014-08-25,112.0187,112.2063,111.0807,111.7324,426177,UHS
2014-08-26,112.1471,112.6753,111.7225,112.2063,472149,UHS
2014-08-27,112.226,112.4038,111.4855,111.9693,585522,UHS
2014-08-28,111.8705,112.4042,111.4555,112.2362,392236,UHS
2014-08-29,112.0978,114.0842,112.0188,113.096,441385,UHS
2014-09-02,113.432,113.8964,111.8409,113.3134,606790,UHS
2014-09-03,113.2244,114.2819,109.9434,110.1411,1366623,UHS
2014-09-04,109.9533,110.7143,104.1621,106.7316,2855286,UHS
2014-09-05,106.8897,107.3641,105.3283,106.2869,948019,UHS
2014-09-08,106.445,108.8563,106.445,108.7575,1016403,UHS
2014-09-09,109.1825,111.831,108.8662,110.3091,1073929,UHS
2014-09-10,110.7241,110.7241,108.7872,109.8545,618323,UHS
2014-09-11,109.6766,112.2708,109.6766,111.9199,712375,UHS
2014-09-12,112.2658,112.5623,109.9533,110.398,797467,UHS
2014-09-15,111.1096,111.8804,108.9255,109.9434,1334392,UHS
2014-09-16,109.5086,111.4772,109.3109,110.7538,1407087,UHS
2014-09-17,111.0305,111.5444,109.4789,110.3585,720822,UHS
2014-09-18,110.5759,111.7025,110.1806,111.238,872535,UHS
2014-09-19,112.0978,113.3331,111.159,112.5919,13966781,UHS
2014-09-22,112.4338,113.096,111.4456,111.8606,1241212,UHS
2014-09-23,112.0583,112.5425,111.0898,111.4653,987906,UHS
2014-09-24,111.6926,114.015,110.9465,113.4913,780535,UHS
2014-09-25,113.4023,113.4023,110.2004,110.4178,827093,UHS
2014-09-26,110.4376,111.2973,107.2099,107.7495,1840113,UHS
2014-09-29,107.7495,108.6389,106.8304,108.2634,1706162,UHS
2014-09-30,108.5105,108.8761,103.1936,103.2727,2255958,UHS
2014-10-01,103.3913,104.1226,101.4049,102.3932,1582949,UHS
2014-10-02,102.4129,104.765,101.3555,104.508,1192732,UHS
2014-10-03,105.4864,106.8403,104.7847,106.1386,989064,UHS
2014-10-06,106.2572,106.8403,103.9546,104.2313,1254788,UHS
2014-10-07,104.093,105.773,103.4506,104.4784,1073237,UHS
2014-10-08,104.4784,106.949,103.8261,106.8996,813413,UHS
2014-10-09,106.5438,106.8008,103.0256,103.0948,705270,UHS
2014-10-10,103.164,104.7403,102.5612,102.6402,756510,UHS
2014-10-13,102.6204,103.9151,100.8119,100.9404,952927,UHS
2014-10-14,101.4938,103.4901,99.0528,101.7211,943311,UHS
2014-10-15,99.9719,100.3079,96.009,99.0825,1785531,UHS
2014-10-16,99.8435,102.5216,99.0924,102.0275,1298984,UHS
2014-10-17,102.5612,103.836,101.8298,102.0967,863236,UHS
2014-10-20,101.7508,103.7471,101.0985,103.6779,594576,UHS
2014-10-21,104.5179,106.1288,104.314,105.7038,767424,UHS
2014-10-22,105.5753,105.8422,103.7619,104.0633,769934,UHS
2014-10-23,104.8341,106.445,104.5673,105.3283,846564,UHS
2014-10-24,105.5655,107.3443,104.5278,107.3147,835554,UHS
2014-10-27,107.0775,107.8582,106.2671,107.1467,934808,UHS
2014-10-28,107.5024,109.1527,102.6106,106.1881,1309457,UHS
2014-10-29,106.0497,106.5586,103.0158,103.4901,1264627,UHS
2014-10-30,97.8373,98.3611,96.8985,97.6495,1236910,UHS
2014-10-31,102.7885,102.996,99.9027,102.492,878667,UHS
2014-11-03,102.4228,106.5241,101.6322,102.2251,908740,UHS
2014-11-04,102.5117,102.5612,98.0152,100.9009,1756048,UHS
2014-11-05,101.4642,101.4642,97.0862,97.5408,2036486,UHS
2014-11-06,97.8571,99.6458,97.8571,99.0726,1230041,UHS
2014-11-07,98.9639,99.1319,94.5069,96.7799,2942096,UHS
2014-11-10,97.274,98.1338,96.3401,96.6613,1071395,UHS
2014-11-11,96.8985,97.7385,96.4439,97.6594,719219,UHS
2014-11-12,96.6514,98.0251,95.3765,97.8966,1546675,UHS
2014-11-13,97.8373,98.3611,96.8985,97.6495,1236910,UHS
2014-11-14,97.4519,98.0646,96.6119,96.7799,909285,UHS
2014-11-17,96.7996,99.8731,96.6514,99.7446,1241430,UHS
2014-11-18,99.9818,102.6402,99.5569,102.2844,927437,UHS
2014-11-19,101.9188,102.6303,100.8119,101.0096,1102489,UHS
2014-11-20,100.3573,102.6797,100.2388,101.8496,1003365,UHS
2014-11-21,102.5315,103.4407,101.7706,102.3339,916702,UHS
2014-11-24,102.1659,104.0633,101.8664,102.5414,1021102,UHS
2014-11-25,102.5019,103.6087,102.2449,103.5,732551,UHS
2014-11-26,103.6186,103.9546,102.2548,102.7786,555831,UHS
2014-11-28,102.284,103.9063,102.284,103.4908,288287,UHS
2014-12-01,103.7678,103.9558,102.1158,102.7588,555410,UHS
2014-12-02,102.4522,103.5997,102.3137,103.2139,450156,UHS
2014-12-03,103.1644,104.7471,103.1644,104.7175,588070,UHS
2014-12-04,104.5889,106.5673,104.1239,105.766,661340,UHS
2014-12-05,105.9836,106.9926,105.4989,106.3398,856869,UHS
2014-12-08,106.6761,109.0106,106.1419,107.1113,710504,UHS
2014-12-09,105.954,106.2211,104.6878,106.1419,513765,UHS
2014-12-10,105.7858,105.9836,104.4108,105.2615,809963,UHS
2014-12-11,105.9144,107.8137,105.5781,106.9827,426562,UHS
2014-12-12,106.0034,108.1995,105.4297,105.489,1168721,UHS
2014-12-15,105.6176,106.8344,103.8173,105.3011,936652,UHS
2014-12-16,104.8461,106.1469,103.1149,103.2435,837759,UHS
2014-12-17,103.4711,104.9252,102.6006,104.4603,1027772,UHS
2014-12-18,105.6176,108.4863,105.4495,108.4863,712913,UHS
2014-12-19,108.9414,109.3766,108.2094,108.6842,1235498,UHS
2014-12-22,108.7336,109.5943,108.3479,109.4657,472729,UHS
2014-12-23,109.8712,110.1779,109.2381,109.6833,677185,UHS
2014-12-24,109.8119,111.3748,109.802,110.6626,269366,UHS
2014-12-26,110.7912,111.5331,110.623,111.1077,485817,UHS
2014-12-29,110.7516,111.2067,110.1284,110.4252,620658,UHS
2014-12-30,110.168,111.1473,109.6437,110.3065,585848,UHS
2014-12-31,110.6626,110.9693,109.7031,110.0592,1030736,UHS
2015-01-02,110.8407,111.3254,108.5556,109.7723,630993,UHS
2015-01-05,109.2282,109.9504,106.597,107.5268,803888,UHS
2015-01-06,107.3586,108.8523,106.8937,107.5664,1030435,UHS
2015-01-07,109.1095,110.8209,108.5952,110.7813,914486,UHS
2015-01-08,111.4342,112.2453,110.8901,111.9189,1013194,UHS
2015-01-09,112.1068,112.3838,111.0583,111.632,747345,UHS
2015-01-12,112.2552,112.3888,104.9747,105.0934,1161977,UHS
2015-01-13,106.1518,106.7107,103.4315,105.1033,1260548,UHS
2015-01-14,104.0646,104.0646,101.4531,103.1842,1172386,UHS
2015-01-15,103.2435,104.9648,102.2543,104.5196,846312,UHS
2015-01-16,104.1734,107.2004,104.1536,107.052,975498,UHS
2015-01-20,107.3389,107.8137,105.0043,105.9738,942535,UHS
2015-01-21,105.3802,107.784,104.8658,107.1212,666121,UHS
2015-01-22,107.4872,109.6536,106.5278,109.1788,628726,UHS
2015-01-23,108.9908,109.7327,105.2516,105.3604,1157556,UHS
2015-01-26,106.3595,106.7651,104.1536,106.6761,1108045,UHS
2015-01-27,105.8254,106.8542,105.4495,105.6869,607030,UHS
2015-01-28,106.1419,106.231,104.4009,104.5394,829700,UHS
2015-01-29,105.0241,105.1229,102.2741,104.302,883889,UHS
2015-01-30,103.4612,103.8766,101.2453,101.4234,591015,UHS
2015-02-02,101.7498,102.561,100.1078,102.0268,848181,UHS
2015-02-03,101.2453,104.5196,101.0871,103.7283,881126,UHS
2015-02-04,103.2337,105.0538,102.3928,104.0943,591920,UHS
2015-02-05,103.9855,105.1626,103.9855,104.6779,429396,UHS
2015-02-06,105.1033,105.588,103.4711,103.8569,451609,UHS
2015-02-09,103.6194,103.847,102.1752,102.6995,431138,UHS
2015-02-10,103.748,105.2121,102.9962,104.9351,639255,UHS
2015-02-11,104.5592,105.5286,104.0745,104.9845,370963,UHS
2015-02-12,105.2417,105.4495,102.3434,102.9666,963627,UHS
2015-02-13,102.6896,103.8569,101.7498,103.7975,817881,UHS
2015-02-17,103.659,105.6374,103.3721,105.6374,401388,UHS
2015-02-18,105.8353,106.3101,104.7966,105.7957,305809,UHS
2015-02-19,105.7462,106.7552,105.4495,106.0232,275799,UHS
2015-02-20,106.1122,107.1608,104.8658,106.7058,684230,UHS
2015-02-23,106.6959,107.6653,106.1122,107.2202,1024767,UHS
2015-02-24,107.2202,108.7534,106.8838,107.3488,658574,UHS
2015-02-25,107.3488,108.4567,106.498,108.0115,413254,UHS
2015-02-26,107.9422,111.9522,107.467,111.3779,1112960,UHS
2015-02-27,111.3779,113.7443,111.1898,112.2294,892592,UHS
2015-03-02,112.2294,116.4473,111.7542,113.3582,874177,UHS
2015-03-03,112.7542,113.1304,110.7443,111.6156,572154,UHS
2015-03-04,111.3284,117.18,110.6254,114.6057,1413687,UHS
2015-03-05,114.6156,115.7047,112.4274,113.7443,634936,UHS
2015-03-06,113.3285,114.972,112.675,112.9225,549614,UHS
2015-03-09,113.1007,113.3878,111.9027,112.4076,602461,UHS
2015-03-10,111.3185,112.9819,110.6254,111.8631,598792,UHS
2015-03-11,112.17,113.9423,111.6453,112.7938,531760,UHS
2015-03-12,113.2888,114.1007,112.7542,113.3483,746327,UHS
2015-03-13,112.9621,113.9423,112.1601,112.9522,389659,UHS
2015-03-16,113.7641,115.279,113.6057,115.0513,668321,UHS
2015-03-17,114.8235,115.2988,113.9225,115.0216,642691,UHS
2015-03-18,115.0315,116.5166,114.4829,116.1305,783138,UHS
2015-03-19,116.081,117.9424,115.8334,117.5562,546098,UHS
2015-03-20,118.3087,118.7444,117.1206,117.5859,653133,UHS
2015-03-23,117.9424,120.5464,117.9424,120.1305,611016,UHS
2015-03-24,119.8137,120.18,118.0513,118.8137,471627,UHS
2015-03-25,118.9523,120.7444,116.6156,116.8137,886885,UHS
2015-03-26,116.5364,117.081,115.18,116.18,617560,UHS
2015-03-27,116.2493,117.2097,116.2493,116.9325,506304,UHS
2015-03-30,117.9127,119.2691,117.9127,118.784,500837,UHS
2015-03-31,118.0216,118.883,116.4275,116.5463,929675,UHS
2015-04-01,114.7542,115.477,108.7442,111.8433,3475890,UHS
2015-04-02,111.7443,115.8037,111.2888,115.5364,1279625,UHS
2015-04-06,114.8235,118.0909,114.4374,116.9424,851209,UHS
2015-04-07,117.2691,118.7147,116.6156,116.7542,533527,UHS
2015-04-08,116.9622,118.685,116.3879,117.8038,752635,UHS
2015-04-09,117.5166,118.5167,116.1414,117.5265,556322,UHS
2015-04-10,117.477,117.972,116.3483,117.2691,300187,UHS
2015-04-13,117.5562,118.5365,117.081,117.2196,377419,UHS
2015-04-14,116.8632,118.477,115.774,117.9721,446985,UHS
2015-04-15,118.982,120.8434,118.9721,119.8929,545134,UHS
2015-04-16,119.6652,120.0414,118.1404,118.7939,420675,UHS
2015-04-17,118.0216,118.982,117.4572,118.5959,466965,UHS
2015-04-20,118.8335,119.8929,118.1107,119.7345,445941,UHS
2015-04-21,120.081,120.5959,119.0365,119.7543,511774,UHS
2015-04-22,119.7642,120.2097,118.5266,119.8731,508843,UHS
2015-04-23,120.0315,121.5563,119.2147,121.388,648991,UHS
2015-04-24,121.4969,122.19,120.9424,121.4771,384159,UHS
2015-04-27,121.9127,121.9127,118.8434,119.0612,651523,UHS
2015-04-28,121.5662,121.784,116.081,120.6355,1120030,UHS
2015-04-29,120.5959,120.8632,117.4671,118.5266,668721,UHS
2015-04-30,118.3285,119.1899,115.5067,115.7938,1060751,UHS
2015-05-01,116.5562,117.0018,115.1008,115.6552,835835,UHS
2015-05-04,116.0909,118.6454,115.873,118.1998,786094,UHS
2015-05-05,118.3582,118.7543,114.7047,115.1206,743541,UHS
2015-05-06,115.4968,115.6255,113.6205,114.2295,623522,UHS
2015-05-07,114.0413,117.576,114.0413,117.3186,957843,UHS
2015-05-08,118.3879,119.5979,117.8929,119.4375,681393,UHS
2015-05-11,119.3979,121.7345,119.0513,120.9226,724339,UHS
2015-05-12,120.0513,120.4771,117.9721,118.3582,498127,UHS
2015-05-13,118.9325,119.4177,118.0513,118.6652,605061,UHS
2015-05-14,119.7543,121.8731,119.0513,120.9028,637911,UHS
2015-05-15,121.0612,121.2791,119.9424,121.0414,614748,UHS
2015-05-18,121.1306,124.8039,120.7642,124.5167,818034,UHS
2015-05-19,124.5861,128.0316,124.2395,126.6455,790921,UHS
2015-05-20,126.5366,126.997,125.497,125.5267,1071638,UHS
2015-05-21,125.3484,126.4178,124.9128,125.4376,758379,UHS
2015-05-22,125.3682,127.0118,124.7346,125.5465,451395,UHS
2015-05-26,125.6158,126.5069,124.8831,125.4276,606608,UHS
2015-05-27,126.3286,130.497,126.3286,130.4178,1516255,UHS
2015-05-28,129.9224,130.8241,127.8217,128.7531,1281897,UHS
2015-05-29,128.4757,130.1106,127.7544,128.3964,654856,UHS
2015-06-01,128.8324,130.0413,127.7524,129.8332,678506,UHS
2015-06-02,129.1099,129.6846,128.0298,128.1487,470682,UHS
2015-06-03,128.2775,128.6937,127.2966,127.9307,540732,UHS
2015-06-04,127.5245,127.7596,125.8598,126.0679,524419,UHS
2015-06-05,126.3751,127.1182,124.9779,126.2661,498187,UHS
2015-06-08,126.0679,126.8395,125.2455,125.3049,340720,UHS
2015-06-09,125.3842,126.4841,125.1959,126.276,619342,UHS
2015-06-10,126.702,130.9231,126.5237,130.1404,1127130,UHS
2015-06-11,130.3583,131.5672,129.8035,131.1213,730908,UHS
2015-06-12,130.3683,131.2402,128.9414,129.0504,462652,UHS
2015-06-15,128.8027,130.3583,127.7048,130.0016,553685,UHS
2015-06-16,129.8035,130.6457,128.4955,128.872,428436,UHS
2015-06-17,129.526,130.7943,128.9216,130.0908,401315,UHS
2015-06-18,130.398,131.4879,129.4814,130.9033,446865,UHS
2015-06-19,130.8439,133.9255,130.6061,133.4895,961921,UHS
2015-06-22,134.1534,135.0154,133.6976,133.9354,728842,UHS
2015-06-23,133.8264,134.5496,132.8509,133.1427,609582,UHS
2015-06-24,133.1328,133.3706,129.0108,129.4864,954096,UHS
2015-06-25,129.4368,142.6847,129.4368,139.4941,4001262,UHS
2015-06-26,140.0986,141.7434,139.8211,141.3867,1293068,UHS
2015-06-29,139.8013,142.5856,139.3653,140.0292,774954,UHS
2015-06-30,141.7533,141.7533,139.9598,140.8021,738249,UHS
2015-07-01,142.1497,142.6847,141.3471,141.783,696747,UHS
2015-07-02,142.0208,142.5361,140.7624,141.4065,611476,UHS
2015-07-06,140.6435,142.0208,140.3066,141.1092,800861,UHS
2015-07-07,141.2381,141.6939,138.1565,140.3562,883139,UHS
2015-07-08,139.1176,139.9598,137.8691,138.7014,665662,UHS
2015-07-09,140.2076,140.584,138.9789,139.6031,508896,UHS
2015-07-10,140.5246,141.3867,140.049,140.4652,486999,UHS
2015-07-13,141.9317,142.3676,140.5345,141.6939,553398,UHS
2015-07-14,141.6047,142.8333,141.0102,142.0704,505718,UHS
2015-07-15,142.1893,142.1893,140.4255,141.1291,523188,UHS
2015-07-16,140.1283,140.5345,138.1565,139.9598,788768,UHS
2015-07-17,140.5445,140.7426,138.8501,139.94,520854,UHS
2015-07-20,140.1679,141.03,139.2662,140.7129,421878,UHS
2015-07-21,140.3166,140.7624,138.2258,138.969,385973,UHS
2015-07-22,138.9194,140.3265,138.6831,139.7319,350584,UHS
2015-07-23,140.4454,141.3322,140.0589,140.4949,405208,UHS
2015-07-24,140.158,140.5841,139.0284,139.7022,500862,UHS
2015-07-27,139.5139,139.7815,138.0772,139.0086,645696,UHS
2015-07-28,139.4545,140.2175,137.0072,140.0787,430907,UHS
2015-07-29,140.267,141.2381,139.4149,141.0102,492812,UHS
2015-07-30,140.4057,140.911,139.0879,140.1481,690393,UHS
2015-07-31,141.7038,146.9256,141.7038,143.9035,1402686,UHS
2015-08-03,144.6169,145.4889,144.0918,144.4683,658050,UHS
2015-08-04,145.4393,146.3509,144.4782,144.9043,508228,UHS
2015-08-05,145.2312,147.213,139.5932,142.6451,1222204,UHS
2015-08-06,142.6154,143.6756,139.1969,141.2182,768126,UHS
2015-08-07,141.6939,142.5064,139.6824,141.4362,420036,UHS
2015-08-10,142.3875,143.7648,141.3173,141.9713,397859,UHS
2015-08-11,141.139,141.6047,138.6222,140.1085,497677,UHS
2015-08-12,139.3653,141.1192,137.5025,140.7922,536647,UHS
2015-08-13,141.892,142.4271,140.4255,140.9804,391159,UHS
2015-08-14,141.0993,142.0704,140.9061,141.783,567749,UHS
2015-08-17,141.3669,144.5376,140.7129,144.171,398336,UHS
2015-08-18,143.6855,144.4782,142.8631,144.1215,499730,UHS
2015-08-19,143.418,145.4591,142.3875,144.6367,531195,UHS
2015-08-20,143.309,144.1611,139.8112,139.8508,595842,UHS
2015-08-21,138.5132,140.6039,136.4918,139.405,1168870,UHS
2015-08-24,131.9041,137.5174,130.7745,131.6366,1495477,UHS
2015-08-25,134.3317,135.7387,130.9132,130.9727,906645,UHS
2015-08-26,134.2326,136.1846,130.8439,135.6496,1104125,UHS
2015-08-27,136.7593,140.2175,136.576,139.6824,756488,UHS
2015-08-28,139.0874,139.4939,137.4216,139.1866,514888,UHS
2015-08-31,138.9882,140.3864,135.6566,135.9838,536092,UHS
2015-09-01,133.5941,133.9015,129.9749,130.669,955424,UHS
2015-09-02,132.0274,135.2104,130.9615,135.1905,778342,UHS
2015-09-03,135.964,137.3819,133.6437,134.0502,531332,UHS
2015-09-04,133.0289,134.663,132.1464,133.8817,609142,UHS
2015-09-08,136.2119,137.3819,134.8634,136.6382,523744,UHS
2015-09-09,137.6695,138.1454,133.6833,133.9015,590733,UHS
2015-09-10,133.9808,134.9625,133.138,133.5644,549846,UHS
2015-09-11,132.9099,133.485,130.4905,132.0869,1210325,UHS
2015-09-14,132.7711,134.3477,132.2059,134.1196,750337,UHS
2015-09-15,134.3874,134.6749,133.0388,134.1692,491217,UHS
2015-09-16,134.6749,135.845,134.1395,135.1707,585574,UHS
2015-09-17,135.4483,139.9996,135.0418,137.838,702900,UHS
2015-09-18,137.2629,138.6511,135.6367,136.073,1261700,UHS
2015-09-21,136.8663,137.9273,135.8995,137.8182,894146,UHS
2015-09-22,136.1028,138.3636,135.0616,138.1454,852624,UHS
2015-09-23,138.3338,139.8311,136.4697,138.1157,624447,UHS
2015-09-24,137.3522,137.5802,132.0175,132.4538,1174582,UHS
2015-09-25,133.5842,134.2287,128.081,128.9238,723591,UHS
2015-09-28,128.4479,128.8147,120.6145,123.8371,1333074,UHS
2015-09-29,123.7875,124.3329,118.7999,120.1385,2377637,UHS
2015-09-30,121.8638,124.075,121.7944,123.7577,1261026,UHS
2015-10-01,124.898,126.5341,123.1231,125.3938,1116357,UHS
2015-10-02,122.6373,126.2168,122.6075,126.1078,768567,UHS
2015-10-05,127.0398,130.5996,127.0398,129.2213,797803,UHS
2015-10-06,128.6263,129.7468,125.731,126.8217,693981,UHS
2015-10-07,126.8217,129.132,124.8287,128.547,785410,UHS
2015-10-08,127.8529,128.3239,124.4618,126.3656,727937,UHS
2015-10-09,126.6035,127.7835,125.0071,127.4166,476614,UHS
2015-10-12,127.3274,128.319,125.9689,128.1801,332102,UHS
2015-10-13,127.6249,129.3304,126.4548,126.6829,481625,UHS
2015-10-14,127.0597,128.1504,124.7394,125.2253,416161,UHS
2015-10-15,120.1385,124.7791,116.0533,124.1742,2051682,UHS
2015-10-16,124.8782,128.3884,124.8782,127.3869,1150280,UHS
2015-10-19,126.9903,128.4875,126.4647,128.309,512009,UHS
2015-10-20,128.5371,129.7865,126.5936,127.0795,509108,UHS
2015-10-21,127.7934,127.962,121.8936,124.4122,863297,UHS
2015-10-22,115.9343,116.2764,106.3557,110.788,4052869,UHS
2015-10-23,111.9779,116.1623,111.9779,114.9724,1512783,UHS
2015-10-26,114.6452,117.0547,113.5942,116.8961,1317962,UHS
2015-10-27,116.559,118.3587,113.9214,115.0617,1715455,UHS
2015-10-28,112.3051,120.6393,109.38,119.6626,1777295,UHS
2015-10-29,119.3849,121.7548,118.7801,121.14,1162259,UHS
2015-10-30,121.0012,122.5282,120.9318,121.0607,831840,UHS
2015-11-02,121.2392,124.6898,121.2392,124.085,702722,UHS
2015-11-03,123.1033,124.085,120.902,121.8044,732737,UHS
2015-11-04,122.1217,124.194,121.6457,123.9759,672539,UHS
2015-11-05,123.7776,124.085,120.317,121.8738,791422,UHS
2015-11-06,121.7548,125.136,121.1202,124.7989,585222,UHS
2015-11-09,124.3031,124.8584,121.5267,123.3909,421479,UHS
2015-11-10,123.4801,124.6303,122.0423,124.0453,491596,UHS
2015-11-11,124.5708,124.5708,119.6328,119.7915,399542,UHS
2015-11-12,119.3948,119.5347,116.5094,116.6284,684178,UHS
2015-11-13,116.1623,119.2858,114.9229,118.7503,733702,UHS
2015-11-16,118.5619,119.7121,118.0364,119.2164,1025047,UHS
2015-11-17,119.256,122.6075,118.4727,121.6259,667602,UHS
2015-11-18,121.9432,123.5396,121.5069,123.3909,622074,UHS
2015-11-19,117.6893,121.7548,117.4712,118.0761,1236224,UHS
2015-11-20,118.7949,121.7449,118.7206,121.4672,584195,UHS
2015-11-23,121.7052,124.204,120.5054,122.3596,633331,UHS
2015-11-24,121.5366,123.4305,120.9863,123.262,980816,UHS
2015-11-25,123.0636,123.8966,121.4672,122.7067,539038,UHS
2015-11-27,123.1632,124.4136,122.5975,123.6395,191120,UHS
2015-11-30,123.9074,124.3441,120.2555,120.5929,852345,UHS
2015-12-01,121.754,124.5326,121.754,124.3739,624579,UHS
2015-12-02,124.1059,124.9207,121.7341,122.0021,440591,UHS
2015-12-03,122.141,122.4784,115.8196,117.2586,911392,UHS
2015-12-04,117.854,119.4815,117.0105,118.5387,653156,UHS
2015-12-07,118.4196,118.6776,115.5715,116.1967,529036,UHS
2015-12-08,115.0257,119.5807,114.1425,119.3624,714247,UHS
2015-12-09,118.5387,121.8681,117.4868,117.8441,664470,UHS
2015-12-10,117.9234,121.0296,117.9234,120.186,436986,UHS
2015-12-11,119.025,120.3448,118.39,118.5784,540222,UHS
2015-12-14,118.8067,119.7792,112.9616,115.2738,937505,UHS
2015-12-15,116.5639,117.7101,115.9288,117.4074,431332,UHS
2015-12-16,118.638,119.7196,114.083,115.8593,874506,UHS
2015-12-17,115.6906,117.5364,114.7776,115.2341,599354,UHS
2015-12-18,115.4227,116.3753,113.9242,114.083,712240,UHS
2015-12-21,114.3608,118.8166,114.3311,118.2311,660515,UHS
2015-12-22,118.4593,119.1937,115.4822,116.8715,780833,UHS
2015-12-23,117.7448,121.1387,117.2486,120.1761,639661,UHS
2015-12-24,119.7494,121.2181,118.8761,119.7196,196882,UHS
2015-12-28,119.0448,119.6303,117.3082,118.4395,409425,UHS
2015-12-29,119.0845,120.8728,118.5288,120.4738,778158,UHS
2015-12-30,120.3647,121.0097,118.9357,119.1044,257342,UHS
2015-12-31,118.1914,120.2357,117.9334,118.5784,347079,UHS
2016-01-04,116.5639,118.2807,115.6112,117.0204,682560,UHS
2016-01-05,117.6555,119.3326,117.2784,117.5265,703384,UHS
2016-01-06,115.7898,116.6731,113.2494,114.8173,1077533,UHS
2016-01-07,112.5845,114.2814,111.4433,112.0387,758414,UHS
2016-01-08,112.4059,114.9364,111.1952,111.5226,750746,UHS
2016-01-11,113.3089,116.9311,112.0585,113.5868,1067057,UHS
2016-01-12,114.5295,116.6036,109.26,111.4433,750179,UHS
2016-01-13,111.5425,112.5349,107.0967,108.2677,1275751,UHS
2016-01-14,108.4761,111.1902,108.1684,110.3318,869889,UHS
2016-01-15,107.9997,109.9497,106.3045,108.3371,1084836,UHS
2016-01-19,109.5677,109.7463,104.8738,106.5509,1110815,UHS
2016-01-20,104.9532,107.6623,102.7799,106.5707,1016031,UHS
2016-01-21,106.9478,109.3196,105.2409,106.1341,754951,UHS
2016-01-22,106.7791,107.702,105.0722,106.6997,821313,UHS
2016-01-25,106.4318,108.5753,106.4318,107.6326,637081,UHS
2016-01-26,107.9501,111.741,107.7219,111.0463,741565,UHS
2016-01-27,110.9074,112.8326,109.5578,110.2326,616328,UHS
2016-01-28,111.9295,113.0013,106.67,107.1959,713814,UHS
2016-01-29,107.4539,111.9891,107.2058,111.7807,714341,UHS
2016-02-01,111.4234,114.9166,111.1257,114.1921,730199,UHS
2016-02-02,112.6341,112.6837,110.7387,111.2448,552314,UHS
2016-02-03,112.0486,112.4207,108.2776,110.7288,595471,UHS
2016-02-04,110.3616,112.1677,108.6448,110.9967,534002,UHS
2016-02-05,110.3715,111.1356,107.4342,108.2081,641290,UHS
2016-02-08,106.2234,106.7394,102.7154,103.673,660458,UHS
2016-02-09,102.502,105.5446,102.2043,104.715,690258,UHS
2016-02-10,105.628,109.8356,105.4196,108.1585,716847,UHS
2016-02-11,106.4715,107.2158,100.7852,100.8745,1178096,UHS
2016-02-12,101.6486,103.7028,100.0508,103.4646,748193,UHS
2016-02-16,100.2295,105.4394,100.2195,105.2906,1406213,UHS
2016-02-17,106.3524,108.3471,105.7768,106.918,1164052,UHS
2016-02-18,107.3051,107.97,106.2829,106.5013,760848,UHS
2016-02-19,106.6005,106.6005,104.2287,106.1738,1622051,UHS
2016-02-22,107.2356,109.5974,107.2356,109.1906,745351,UHS
2016-02-23,108.9326,110.0242,106.7394,108.8929,600186,UHS
2016-02-24,107.7516,109.9646,106.8883,109.8158,535397,UHS
2016-02-25,110.4211,112.0585,107.9898,110.431,865711,UHS
2016-02-26,107.1732,116.7085,105.9713,112.5765,1425867,UHS
2016-02-29,112.1196,112.3183,109.6265,109.6265,1135819,UHS
2016-03-01,110.0834,113.3016,108.5439,112.9838,969111,UHS
2016-03-02,113.1824,114.7418,112.4375,114.5829,848885,UHS
2016-03-03,114.722,118.3971,114.3445,116.7085,803097,UHS
2016-03-04,116.9171,117.076,114.6525,114.7617,948508,UHS
2016-03-07,113.8082,114.3942,112.8546,113.6195,828391,UHS
2016-03-08,112.7156,113.6294,110.6298,111.0668,921676,UHS
2016-03-09,111.9011,112.3381,109.9841,112.2488,540354,UHS
2016-03-10,112.7057,114.2452,111.2456,112.1892,696004,UHS
2016-03-11,113.3711,115.169,112.5765,114.9107,762929,UHS
2016-03-14,114.4339,115.4669,113.8479,114.6127,434427,UHS
2016-03-15,113.5201,113.9274,110.9376,111.335,476795,UHS
2016-03-16,111.0668,113.6195,110.8433,112.954,479516,UHS
2016-03-17,112.5666,113.6195,110.8979,112.9738,647242,UHS
2016-03-18,113.2023,116.3211,112.8894,115.8642,999223,UHS
2016-03-21,116.7582,117.5131,114.5829,115.8245,580193,UHS
2016-03-22,115.159,119.267,114.4538,118.109,792939,UHS
2016-03-23,118.3077,120.8206,117.3939,117.821,588234,UHS
2016-03-24,116.8476,118.2481,115.2186,117.1157,466517,UHS
2016-03-28,117.5727,119.2264,116.8575,118.3474,572459,UHS
2016-03-29,120.3339,123.2641,119.3307,123.0753,1008671,UHS
2016-03-30,123.7309,125.8167,122.8389,124.4858,906752,UHS
2016-03-31,124.1083,125.8118,123.5819,123.8799,1024851,UHS
2016-04-01,122.5886,124.6844,122.1566,124.5454,998319,UHS
2016-04-04,124.4659,125.0172,122.9561,123.8302,764903,UHS
2016-04-05,122.6681,123.3038,121.7444,121.8536,617326,UHS
2016-04-06,122.0622,123.4726,121.9529,123.3733,692793,UHS
2016-04-07,122.6582,123.5918,121.4066,122.2112,657988,UHS
2016-04-08,123.2144,123.6415,122.0125,122.39,546383,UHS
2016-04-11,122.6681,123.5521,120.5524,120.92,632640,UHS
2016-04-12,120.8107,122.2708,120.8107,121.6649,749281,UHS
2016-04-13,122.4595,124.9824,121.9132,124.3765,620534,UHS
2016-04-14,124.6944,125.4194,123.2641,124.8632,700434,UHS
2016-04-15,124.605,124.7639,121.6599,124.5354,576166,UHS
2016-04-18,124.0487,125.34,123.3236,125.2704,455516,UHS
2016-04-19,125.926,126.4624,124.1083,124.9029,498030,UHS
2016-04-20,125.191,128.3992,123.4329,127.4656,900600,UHS
2016-04-21,127.2073,129.2634,126.4028,126.8199,718809,UHS
2016-04-22,126.9093,129.4521,126.8597,128.3098,606355,UHS
2016-04-25,127.694,128.3049,125.8863,126.9491,549390,UHS
2016-04-26,129.0945,132.2134,129.0945,131.2996,1530514,UHS
2016-04-27,131.3095,131.9253,129.462,131.23,1060758,UHS
2016-04-28,131.5181,138.8285,131.5181,134.0012,1508814,UHS
2016-04-29,134.0708,134.3489,129.5117,132.7795,1126580,UHS
2016-05-02,132.8093,133.9218,130.7235,133.2662,1125599,UHS
2016-05-03,131.9253,133.6933,130.7533,132.9782,986736,UHS
2016-05-04,131.965,134.6071,131.3393,132.3624,813305,UHS
2016-05-05,132.6405,133.9019,132.0644,132.6703,579630,UHS
2016-05-06,132.5312,133.7331,131.6671,132.9682,686323,UHS
2016-05-09,132.6007,134.7462,132.6007,134.1602,469626,UHS
2016-05-10,134.4581,135.1038,132.9484,134.1403,580688,UHS
2016-05-11,134.2595,135.9778,133.1669,134.8654,565680,UHS
2016-05-12,135.5607,135.5607,131.7068,132.3921,653210,UHS
2016-05-13,132.2134,133.5642,132.1736,132.71,588746,UHS
2016-05-16,132.8987,134.5575,132.8292,134.1105,705625,UHS
2016-05-17,134.1105,136.0772,132.5511,133.5046,1231229,UHS
2016-05-18,133.445,134.2694,131.6571,132.6405,526502,UHS
2016-05-19,131.6472,133.5642,131.2698,132.7895,697753,UHS
2016-05-20,133.3258,134.3389,132.0445,133.2066,522709,UHS
2016-05-23,132.859,132.859,130.6341,131.1506,1166656,UHS
2016-05-24,131.5081,134.3687,131.5081,133.9416,1072687,UHS
2016-05-25,134.3389,135.6501,133.8075,134.8753,778125,UHS
2016-05-26,134.6469,135.511,132.2134,133.5444,716800,UHS
2016-05-27,133.4052,135.4727,133.4052,133.8823,268321,UHS
2016-05-31,134.2302,134.429,133.0971,134.0513,435141,UHS
2016-06-01,133.8127,135.2441,133.435,135.105,558421,UHS
2016-06-02,134.7471,136.7152,134.4489,136.5463,730902,UHS
2016-06-03,136.3276,136.9886,134.3694,134.5682,487704,UHS
2016-06-06,134.8465,136.3922,134.3197,136.1387,460627,UHS
2016-06-07,136.089,137.1725,136.0393,137.0134,524680,UHS
2016-06-08,136.9936,138.5144,136.8842,137.908,982051,UHS
2016-06-09,137.7192,138.6237,136.8047,137.1725,420671,UHS
2016-06-10,136.0095,136.924,133.9519,134.3594,308429,UHS
2016-06-13,133.7929,134.5085,131.1588,131.2383,584791,UHS
2016-06-14,130.9401,132.6895,130.0157,132.61,606929,UHS
2016-06-15,132.8386,133.1666,131.2681,131.3476,389817,UHS
2016-06-16,130.2642,131.3576,129.0713,131.0295,402679,UHS
2016-06-17,131.3476,132.7293,129.3795,130.463,736808,UHS
2016-06-20,131.785,133.6537,131.6657,131.8446,312122,UHS
2016-06-21,132.1428,132.4501,130.5325,131.8645,269190,UHS
2016-06-22,131.7651,135.3435,131.7651,134.0314,787627,UHS
2016-06-23,135.3435,137.4508,135.2541,137.4508,714834,UHS
2016-06-24,132.8684,137.3663,132.6895,135.4827,1543510,UHS
2016-06-27,134.2998,134.2998,127.7692,128.5843,887113,UHS
2016-06-28,129.3,131.8645,129.3,131.288,828153,UHS
2016-06-29,131.2085,133.9618,131.2085,132.6398,832773,UHS
2016-06-30,132.5305,133.5543,130.96,133.2959,704349,UHS
2016-07-01,133.1567,134.3296,132.0633,132.7392,420983,UHS
2016-07-05,132.3416,132.3416,130.6021,131.5564,405681,UHS
2016-07-06,131.4073,132.9082,130.0355,132.5106,968278,UHS
2016-07-07,133.2064,134.3793,133.0175,133.932,642146,UHS
2016-07-08,134.9956,136.5661,134.5881,136.3375,536445,UHS
2016-07-11,136.7948,137.4011,136.1785,136.417,372935,UHS
2016-07-12,137.4309,137.4309,135.5523,135.7312,416689,UHS
2016-07-13,136.0791,136.9538,135.4131,135.7908,600265,UHS
2016-07-14,136.9637,136.9637,133.435,134.2899,629059,UHS
2016-07-15,134.4986,135.2143,133.7332,134.4191,453201,UHS
2016-07-18,134.8465,135.2242,133.7133,134.9857,486770,UHS
2016-07-19,134.3396,135.4032,133.3456,135.0652,643304,UHS
2016-07-20,135.3236,136.1685,134.8564,135.1845,629066,UHS
2016-07-21,134.9459,137.2719,134.7123,136.4866,625467,UHS
2016-07-22,136.6357,137.9379,135.259,137.4011,515238,UHS
2016-07-25,137.4508,137.4508,135.2044,135.8206,684987,UHS
2016-07-26,135.3535,137.5999,134.9161,137.4508,769522,UHS
2016-07-27,129.9361,130.9301,125.1798,129.8169,3386822,UHS
2016-07-28,128.5743,129.9361,127.7195,129.2006,1237207,UHS
2016-07-29,128.793,128.9421,126.9541,128.7533,1381752,UHS
2016-08-01,128.0376,129.2403,127.0635,127.4511,1576645,UHS
2016-08-02,127.0833,127.6201,123.4254,124.5288,2329237,UHS
2016-08-03,123.5248,127.312,123.5248,127.1728,963022,UHS
2016-08-04,127.1728,128.0078,126.2186,126.9044,893010,UHS
2016-08-05,127.312,127.7394,126.0893,126.4869,562230,UHS
2016-08-08,126.3677,127.8785,126.0595,126.1192,739506,UHS
2016-08-09,126.4273,126.5217,125.2544,125.4035,734103,UHS
2016-08-10,125.145,125.7414,124.489,125.4631,437144,UHS
2016-08-11,125.7116,126.4571,125.3041,126.0595,414745,UHS
2016-08-12,126.0496,126.2484,125.324,125.6122,293331,UHS
2016-08-15,126.1788,126.4671,125.2743,125.5526,482811,UHS
2016-08-16,124.9264,125.192,121.7555,121.9443,1061737,UHS
2016-08-17,121.9543,122.163,119.1413,120.1154,1309151,UHS
2016-08-18,119.5985,120.8211,119.5985,120.175,460566,UHS
2016-08-19,119.7078,120.6521,118.7685,120.5627,523281,UHS
2016-08-22,120.2446,121.1193,119.9663,120.8509,453241,UHS
2016-08-23,121.2585,122.2127,120.7118,120.7515,429450,UHS
2016-08-24,120.9802,121.3181,119.2904,119.6283,515269,UHS
2016-08-25,119.2208,120.5527,118.8331,119.3997,478341,UHS
2016-08-26,119.4792,119.9862,118.1721,118.7337,397751,UHS
2016-08-29,118.5747,120.672,118.4653,120.4634,563073,UHS
2016-08-30,120.0356,120.8912,119.8665,120.4037,580940,UHS
2016-08-31,119.9759,120.4385,119.0109,119.9063,402771,UHS
2016-09-01,120.0555,120.0555,117.8967,118.2051,658240,UHS
2016-09-02,118.8816,120.3142,118.5832,120.0754,605313,UHS
2016-09-06,120.0853,120.2147,117.4292,119.0507,745125,UHS
2016-09-07,119.0408,122.9405,118.7523,121.5676,1384053,UHS
2016-09-08,121.3786,121.3786,120.3341,120.921,670518,UHS
2016-09-09,120.4236,120.9111,119.4487,119.4885,840765,UHS
2016-09-12,118.7821,122.1247,118.1952,121.7666,936005,UHS
2016-09-13,120.4435,121.3985,120.155,120.7618,964010,UHS
2016-09-14,120.9707,121.1697,119.0607,119.9262,907530,UHS
2016-09-15,119.3989,121.697,118.9711,121.3687,606331,UHS
2016-09-16,121.498,123.3484,120.9011,122.8709,1301239,UHS
2016-09-19,122.7714,124.3631,122.2342,122.6321,1079492,UHS
2016-09-20,122.7813,124.3233,121.7169,121.8661,1024844,UHS
2016-09-21,121.9954,122.9007,120.9309,122.1645,680819,UHS
2016-09-22,122.463,123.796,122.3983,123.607,838825,UHS
2016-09-23,123.4777,124.5123,122.2939,122.2939,448289,UHS
2016-09-26,121.7169,121.7169,119.9461,120.4435,957449,UHS
2016-09-27,120.145,121.7666,120.145,121.0901,719679,UHS
2016-09-28,121.2393,122.4331,120.9409,122.3237,377845,UHS
2016-09-29,122.1048,122.8709,120.9807,121.5477,770412,UHS
2016-09-30,122.2441,122.9803,120.4534,122.5824,629045,UHS
2016-10-03,122.1944,122.1944,119.4089,120.145,990773,UHS
2016-10-04,120.4236,120.8912,119.6576,120.2744,653597,UHS
2016-10-05,120.7618,121.2493,119.2099,119.4586,800697,UHS
2016-10-06,119.3094,119.8167,118.5235,119.3691,1016631,UHS
2016-10-07,119.6476,119.9162,118.7821,119.5382,797084,UHS
2016-10-10,119.8864,121.9954,119.8864,121.7467,755933,UHS
2016-10-11,121.4483,121.7865,119.3692,120.4634,695918,UHS
2016-10-12,120.5828,122.0551,120.0157,121.2194,866665,UHS
2016-10-13,120.6723,124.582,120.5828,124.0249,1124829,UHS
2016-10-14,124.5521,124.7013,122.6619,122.7216,947105,UHS
2016-10-17,122.5824,122.9902,122.0054,122.8211,622481,UHS
2016-10-18,124.1044,125.6365,123.5374,125.1988,843666,UHS
2016-10-19,123.3484,123.3583,120.8912,123.1992,1096067,UHS
2016-10-20,123.0798,124.2139,122.6222,123.8458,442068,UHS
2016-10-21,123.1693,123.1693,121.6771,122.9206,377418,UHS
2016-10-24,123.5871,124.0945,123.0847,123.7762,588401,UHS
2016-10-25,123.5274,124.6218,120.9309,120.9707,921785,UHS
2016-10-26,120.2545,120.2644,117.6978,118.4737,1382230,UHS
2016-10-27,118.7025,124.3531,116.8124,121.7169,1656641,UHS
2016-10-28,121.309,122.2242,118.1454,119.9063,1708445,UHS
2016-10-31,120.3838,120.8912,119.2497,120.0853,783449,UHS
2016-11-01,120.5828,120.7419,118.3842,119.6675,848311,UHS
2016-11-02,119.578,121.3687,119.3591,120.2744,691925,UHS
2016-11-03,120.543,122.1546,117.7774,118.036,650338,UHS
2016-11-04,118.4737,120.6822,118.2847,119.7272,492473,UHS
2016-11-07,121.886,125.6464,121.8661,124.2437,1383158,UHS
2016-11-08,123.8458,128.5414,123.2887,127.3973,945139,UHS
2016-11-09,110.4256,119.5979,104.8048,118.6429,3560726,UHS
2016-11-10,121.8263,121.8263,119.1502,120.3738,1471522,UHS
2016-11-11,119.7571,120.3042,116.9516,118.1255,1181804,UHS
2016-11-14,118.5334,121.9855,118.4439,120.5231,1032652,UHS
2016-11-15,121.1598,121.9556,119.7471,121.7666,704252,UHS
2016-11-16,121.0006,121.9954,118.5533,119.4785,883153,UHS
2016-11-17,119.7073,123.4877,119.389,123.2489,773195,UHS
2016-11-18,123.1594,124.6715,121.697,122.0253,635853,UHS
2016-11-21,121.9855,123.9353,121.7815,122.4232,528100,UHS
2016-11-22,122.463,122.841,120.155,120.6524,627401,UHS
2016-11-23,119.568,121.7268,119.4288,121.4483,341512,UHS
2016-11-25,121.876,122.8161,121.7865,122.5326,166360,UHS
2016-11-28,122.0153,122.4232,121.0603,122.1148,578418,UHS
2016-11-29,121.6668,123.1901,121.4478,122.6425,398354,UHS
2016-11-30,122.4235,123.0009,121.3084,122.4832,773126,UHS
2016-12-01,122.7421,125.9978,122.523,123.5485,851103,UHS
2016-12-02,124.0862,127.5211,122.8616,124.1061,933297,UHS
2016-12-05,124.4347,125.1316,121.7763,124.2355,929309,UHS
2016-12-06,124.8031,125.9679,124.3958,125.8186,666387,UHS
2016-12-07,126.3164,127.3817,109.2213,110.8741,5206586,UHS
2016-12-08,115.9518,115.9518,108.9027,111.9892,5883920,UHS
2016-12-09,111.9892,112.6165,108.7733,111.581,2668152,UHS
2016-12-12,112.0091,112.5069,110.2468,111.4914,1491985,UHS
2016-12-13,111.8996,111.9493,107.3994,108.5144,2303259,UHS
2016-12-14,106.6924,107.4093,99.2849,101.1069,7245997,UHS
2016-12-15,102.0627,108.4248,101.6844,108.0963,3310953,UHS
2016-12-16,108.2257,109.3208,106.1846,106.6128,2349993,UHS
2016-12-19,106.3439,107.3794,105.2288,106.1747,1099051,UHS
2016-12-20,106.6327,106.9712,105.7565,105.9059,741356,UHS
2016-12-21,106.115,106.782,105.1402,106.2842,685921,UHS
2016-12-22,106.3838,107.3097,105.637,106.3539,735647,UHS
2016-12-23,106.782,107.9967,106.0253,107.4591,789193,UHS
2016-12-27,107.6283,108.5443,106.3439,106.7024,387820,UHS
2016-12-28,107.25,107.7868,105.647,105.6769,659601,UHS
2016-12-29,105.6171,106.5431,104.6215,105.9357,548829,UHS
2016-12-30,105.9457,106.5929,105.2687,105.9158,576967,UHS
2017-01-03,106.3439,107.3894,104.7609,106.2444,990280,UHS
2017-01-04,106.8617,108.7235,105.886,108.3352,991397,UHS
2017-01-05,107.6881,108.9724,106.7621,108.2954,1169118,UHS
2017-01-06,108.5841,108.833,107.24,108.0365,728797,UHS
2017-01-09,108.1759,111.2425,108.0564,111.0533,1090980,UHS
2017-01-10,111.0633,112.4372,110.8592,111.8498,886071,UHS
2017-01-11,111.6407,112.2979,110.1473,111.6407,448610,UHS
2017-01-12,111.4814,112.0888,110.1572,111.9096,665962,UHS
2017-01-13,111.5412,112.502,111.352,112.1784,459340,UHS
2017-01-17,112.2381,114.4783,111.2823,113.8013,791178,UHS
2017-01-18,114.1298,114.1298,112.5667,113.1043,493144,UHS
2017-01-19,112.5368,113.3731,111.113,111.2624,644207,UHS
2017-01-20,111.4516,112.4721,111.2923,112.258,467013,UHS
2017-01-23,111.7503,111.7503,109.4011,110.9438,757359,UHS
2017-01-24,111.3022,111.8697,110.3763,111.7403,430109,UHS
2017-01-25,111.7702,113.9207,111.7702,113.5026,1133566,UHS
2017-01-26,113.2138,114.1597,112.3476,112.6165,510902,UHS
2017-01-27,113.0645,113.0645,111.6706,112.4372,440787,UHS
2017-01-30,112.4572,112.5269,110.5356,112.258,667691,UHS
2017-01-31,112.5567,112.9102,110.9936,112.1386,758730,UHS
2017-02-01,112.6364,113.9805,111.8996,113.4428,724930,UHS
2017-02-02,113.1541,113.3632,111.8598,112.258,622442,UHS
2017-02-03,112.7061,113.851,112.6463,113.3532,734388,UHS
2017-02-06,113.6121,114.0303,112.3327,112.4074,344389,UHS
2017-02-07,112.726,114.0303,111.4715,112.8952,1050304,UHS
2017-02-08,112.5069,113.413,111.9195,113.2835,510308,UHS
2017-02-09,113.1641,115.7726,113.1641,115.7627,795856,UHS
2017-02-10,115.6332,116.2306,115.5038,115.9419,659171,UHS
2017-02-13,116.3601,117.4503,116.1211,117.3656,713109,UHS
2017-02-14,117.2163,120.9499,116.9973,120.7707,1508943,UHS
2017-02-15,120.472,121.9356,120.1733,121.8759,856142,UHS
2017-02-16,121.6469,122.1746,120.8006,121.5971,679017,UHS
2017-02-17,120.8305,122.4334,120.6413,122.4135,605083,UHS
2017-02-21,122.5629,124.4844,122.5629,124.1061,735199,UHS
2017-02-22,123.9368,123.9368,122.9213,123.21,563070,UHS
2017-02-23,123.4888,124.2355,123.2598,124.0065,337828,UHS
2017-02-24,124.1559,125.5299,123.1802,125.4303,723164,UHS
2017-02-27,125.0517,126.5264,124.5435,126.1976,657483,UHS
2017-02-28,125.1713,125.8688,124.2545,125.1513,1014609,UHS
2017-03-01,128.3499,129.2765,125.0118,125.1115,1521625,UHS
2017-03-02,124.2944,124.7029,122.162,122.3912,833738,UHS
2017-03-03,122.6005,125.1563,122.4211,125.1314,791531,UHS
2017-03-06,125.2012,126.6908,124.7328,126.1079,1082570,UHS
2017-03-07,125.0816,125.51,122.5307,123.3079,834110,UHS
2017-03-08,123.4474,124.3642,122.9791,123.3677,507116,UHS
2017-03-09,123.4175,124.6133,122.2219,123.4973,703888,UHS
2017-03-10,123.3777,123.6467,120.8468,121.3848,855287,UHS
2017-03-13,121.6638,122.0923,120.6774,121.5443,524997,UHS
2017-03-14,120.3187,120.7272,118.8738,119.6212,789090,UHS
2017-03-15,119.8503,121.3848,119.6212,121.0361,638690,UHS
2017-03-16,121.325,121.325,118.8041,120.2688,449579,UHS
2017-03-17,120.5179,120.6674,119.1329,119.651,821020,UHS
2017-03-20,119.8105,120.1891,118.3358,119.0731,471136,UHS
2017-03-21,119.2027,119.8503,117.3792,117.6482,726430,UHS
2017-03-22,117.9571,118.55,117.0902,118.2959,534454,UHS
2017-03-23,118.3557,119.8155,118.0773,118.4055,628786,UHS
2017-03-24,119.1429,122.451,118.8639,121.4546,1428421,UHS
2017-03-27,122.182,128.031,122.182,125.52,2173204,UHS
2017-03-28,124.8923,125.2809,122.8396,125.0218,1355678,UHS
2017-03-29,124.6432,125.5399,123.9855,124.115,619794,UHS
2017-03-30,123.7065,125.799,123.3378,125.2111,585206,UHS
2017-03-31,125.1513,125.6296,123.7264,124.0054,782081,UHS
2017-04-03,124.2147,124.9122,123.5472,124.6232,581238,UHS
2017-04-04,124.4837,124.6232,121.4147,122.6005,874779,UHS
2017-04-05,123.1784,126.0382,122.7998,123.2083,595471,UHS
2017-04-06,123.2083,123.6866,121.9727,123.5371,411870,UHS
2017-04-07,123.3777,123.3976,122.1919,122.8197,320612,UHS
2017-04-10,122.6503,123.5371,122.1919,123.009,453698,UHS
2017-04-11,122.3414,122.9692,120.2389,122.4311,702817,UHS
2017-04-12,122.7001,122.8695,121.2453,122.6204,280612,UHS
2017-04-13,122.8396,122.8396,121.2354,121.3749,382156,UHS
2017-04-17,120.5777,121.5941,120.1293,121.5642,407173,UHS
2017-04-18,121.1656,121.5642,116.8312,119.4617,1396395,UHS
2017-04-19,119.9002,120.5578,119.5215,119.661,496079,UHS
2017-04-20,119.5713,119.5713,116.4326,118.7044,1164403,UHS
2017-04-21,118.5849,118.8838,117.7379,118.4155,468811,UHS
2017-04-24,119.7905,120.6774,119.2824,120.4681,564769,UHS
2017-04-25,120.7471,121.4944,120.0994,120.9863,781192,UHS
2017-04-26,120.0895,122.9692,115.8746,118.0468,1502537,UHS
2017-04-27,118.2361,118.9237,117.4589,117.7877,678419,UHS
2017-04-28,117.7678,120.4382,117.7678,120.3286,761648,UHS
2017-05-01,120.2888,120.9663,119.4717,120.0098,604501,UHS
2017-05-02,120.4681,124.952,120.4681,123.9556,1050651,UHS
2017-05-03,123.9158,125.0517,122.1521,123.2681,1175991,UHS
2017-05-04,122.74,123.4674,120.8368,122.0624,1683289,UHS
2017-05-05,122.2816,122.461,121.0162,121.5542,656739,UHS
2017-05-08,121.5443,122.2517,120.3386,120.8866,624224,UHS
2017-05-09,121.0162,122.7898,120.9564,122.0624,509608,UHS
2017-05-10,122.0126,123.5421,121.9528,123.1684,428149,UHS
2017-05-11,122.6702,123.298,121.1258,122.3912,467861,UHS
2017-05-12,122.2816,122.5108,120.9464,121.8532,281441,UHS
2017-05-15,121.5243,122.3314,121.0361,121.4147,474021,UHS
2017-05-16,122.1122,122.3314,120.3884,120.4283,269756,UHS
2017-05-17,119.7806,120.5678,118.1763,118.1763,536960,UHS
2017-05-18,118.2361,118.8938,117.8575,117.997,603369,UHS
2017-05-19,119.0432,119.3322,117.8575,118.2561,518968,UHS
2017-05-22,118.0368,119.7607,118.0368,119.4518,438072,UHS
2017-05-23,119.5913,120.0098,118.2461,118.4155,291752,UHS
2017-05-24,116.7315,117.2198,114.5892,115.6454,1423555,UHS
2017-05-25,116.1436,117.5287,115.8148,116.8909,585637,UHS
2017-05-26,117.1002,117.1002,115.0276,115.6554,579264,UHS
2017-05-30,115.6853,115.9147,114.7878,114.8177,537204,UHS
2017-05-31,114.7579,114.8576,112.8132,113.3517,911826,UHS
2017-06-01,113.5412,115.8549,113.5262,115.4859,771840,UHS
2017-06-02,115.805,116.2937,113.3317,113.8404,696849,UHS
2017-06-05,113.5611,115.0172,113.2619,114.5285,684457,UHS
2017-06-06,114.5484,114.6881,113.0824,113.1921,506816,UHS
2017-06-07,113.0725,114.1994,111.9156,112.6336,552248,UHS
2017-06-08,112.6037,112.9528,110.2003,112.0253,1020132,UHS
2017-06-09,111.776,113.3716,111.5466,113.1223,573377,UHS
2017-06-12,113.1522,115.9546,113.1522,115.2765,997855,UHS
2017-06-13,115.8848,116.4931,115.1568,115.5258,635352,UHS
2017-06-14,116.2039,116.6826,115.2366,116.5729,440576,UHS
2017-06-15,116.5729,116.862,114.6182,115.7153,473539,UHS
2017-06-16,115.8349,116.0344,114.339,114.7579,880246,UHS
2017-06-19,114.6581,115.6455,113.6509,115.2066,989364,UHS
2017-06-20,114.9075,115.3163,113.6908,113.8204,576008,UHS
2017-06-21,114.2193,115.067,112.1849,112.9129,726720,UHS
2017-06-22,112.9229,116.2239,112.6237,114.8975,841696,UHS
2017-06-23,115.3263,115.4759,114.0498,115.1169,1087706,UHS
2017-06-26,115.2864,116.6128,114.7678,115.5657,379971,UHS
2017-06-27,115.5557,118.4777,115.5557,117.7198,900027,UHS
2017-06-28,118.378,121.1605,118.3282,120.0934,970253,UHS
2017-06-29,120.3028,122.1976,119.485,121.5494,1123663,UHS
2017-06-30,121.9882,122.2674,120.6518,121.7489,698703,UHS
2017-07-03,122.0081,122.1029,121.1206,121.2103,314311,UHS
2017-07-05,121.3799,122.1777,120.951,121.9882,509153,UHS
2017-07-06,121.31,121.4571,119.0263,119.4152,511945,UHS
2017-07-07,119.9338,121.8984,119.2257,121.709,675520,UHS
2017-07-10,121.4596,121.7887,120.2429,121.4197,472324,UHS
2017-07-11,121.5394,122.1976,120.8014,121.8087,559845,UHS
2017-07-12,122.5168,123.1052,121.8586,122.4769,715579,UHS
2017-07-13,122.7661,123.18,121.7189,122.7362,588393,UHS
2017-07-14,122.6165,123.913,120.6917,123.8232,409390,UHS
2017-07-17,123.7833,124.2042,122.7162,123.7634,710873,UHS
2017-07-18,124.1124,124.3019,122.2674,123.1251,524611,UHS
2017-07-19,123.0354,123.9728,122.6464,123.3445,550749,UHS
2017-07-20,123.3944,125.7579,123.2996,124.6609,865037,UHS
2017-07-21,124.4814,124.7607,123.6636,124.0825,443517,UHS
2017-07-24,124.0526,124.651,123.5739,123.9927,663512,UHS
2017-07-25,123.0653,123.883,120.3826,122.5666,1195775,UHS
2017-07-26,118.5176,118.5176,110.8684,112.5738,3511053,UHS
2017-07-27,111.6264,112.125,109.4224,110.0606,1496122,UHS
2017-07-28,110.0507,111.8059,109.4024,111.1976,1413262,UHS
2017-07-31,111.4668,111.4668,108.9636,110.5294,981069,UHS
2017-08-01,110.5693,110.7488,108.1259,108.3453,1043583,UHS
2017-08-02,110.5693,110.7488,108.1259,108.3453,1043603,UHS
2017-08-03,108.2057,109.0135,107.4677,108.086,840840,UHS
2017-08-04,108.5049,108.5049,107.4378,107.7968,587468,UHS
2017-08-07,107.727,108.086,106.7497,106.9591,734346,UHS
2017-08-08,106.5402,108.1658,105.6227,107.0688,673325,UHS
2017-08-09,107.3181,107.348,105.6476,106.5602,1025327,UHS
2017-08-10,106.1912,106.5402,104.6454,105.0842,1271262,UHS
2017-08-11,105.4931,108.0262,104.8747,107.2982,852168,UHS
2017-08-14,107.8167,108.2256,107.2383,107.3979,857753,UHS
2017-08-15,108.0262,108.4351,107.2882,107.9564,659461,UHS
2017-08-16,107.8666,108.4649,107.8666,108.3852,421022,UHS
2017-08-17,107.8965,108.9138,106.3826,106.8893,1159692,UHS
2017-08-18,106.6998,108.7143,106.2809,107.6971,765169,UHS
2017-08-21,107.8566,108.6245,107.348,107.5475,610647,UHS
2017-08-22,107.6173,108.3254,107.1286,108.1857,401728,UHS
2017-08-23,107.8267,108.096,107.0987,107.6771,290337,UHS
2017-08-24,108.0461,109.0584,107.6422,108.3254,320911,UHS
2017-08-25,108.5148,109.3326,107.8367,108.6445,286411,UHS
2017-08-28,108.8838,109.4922,108.2755,108.7741,748890,UHS
2017-08-29,108.096,108.096,106.3208,106.6399,694185,UHS
2017-08-30,106.6399,107.0392,105.7016,106.3504,790300,UHS
2017-08-31,106.9094,108.5865,106.59,107.9376,529572,UHS
2017-09-01,108.0275,109.1854,107.5883,108.9059,767526,UHS
2017-09-05,108.826,109.3751,107.6681,107.8578,604505,UHS
2017-09-06,108.3868,108.3868,106.3305,107.2788,540011,UHS
2017-09-07,107.2688,110.5729,107.2688,109.8542,1235602,UHS
2017-09-08,109.3251,110.6328,108.9857,110.3034,439494,UHS
2017-09-11,111.2417,112.5694,110.2435,112.3897,803220,UHS
2017-09-12,112.2899,112.4895,111.4913,112.2599,470806,UHS
2017-09-13,112.2699,112.3997,111.0521,111.3615,291343,UHS
2017-09-14,111.3016,111.641,110.2635,111.3615,414595,UHS
2017-09-15,111.3615,111.4963,109.959,110.4731,661309,UHS
2017-09-18,110.6927,110.7925,108.0374,108.7262,725959,UHS
2017-09-19,108.7362,108.846,106.6299,107.7979,650639,UHS
2017-09-20,107.718,109.974,107.4385,109.954,533744,UHS
2017-09-21,110.0538,110.0538,108.0774,108.2371,540085,UHS
2017-09-22,108.6763,109.7893,108.1822,109.0956,525113,UHS
2017-09-25,108.7162,109.7843,107.3986,107.698,579851,UHS
2017-09-26,108.1672,109.0856,107.728,108.816,679166,UHS
2017-09-27,109.1055,109.8891,108.1073,109.5847,640146,UHS
2017-09-28,109.425,109.7943,108.5066,109.5348,547866,UHS
2017-09-29,109.3351,110.9423,109.3351,110.7426,621941,UHS
2017-10-02,110.8724,112.5494,110.8724,112.0303,973604,UHS
2017-10-03,112.0503,112.5394,110.7276,112.4096,424697,UHS
2017-10-04,112.6991,113.7872,111.5013,111.9006,570257,UHS
2017-10-05,111.7209,112.6592,111.661,111.9405,626096,UHS
2017-10-06,111.5911,112.3697,109.7444,109.944,667481,UHS
2017-10-09,109.7943,109.7943,106.5401,106.9394,795411,UHS
2017-10-10,107.2089,108.297,105.3822,106.3904,727975,UHS
2017-10-11,106.3005,107.6681,106.3005,107.5583,810689,UHS
2017-10-12,107.2588,107.2988,105.0328,105.7315,1057552,UHS
2017-10-13,102.7169,105.8913,101.0798,105.3622,1203799,UHS
2017-10-16,105.0727,105.8813,104.6135,105.4121,1003872,UHS
2017-10-17,105.9412,108.9059,105.3223,108.267,1400064,UHS
2017-10-18,108.5665,110.1437,108.2171,108.3269,814615,UHS
2017-10-19,107.9975,110.7127,107.5084,110.3433,805400,UHS
2017-10-20,110.8824,112.8588,110.2235,112.6492,1359783,UHS
2017-10-23,112.8688,113.6574,112.4695,112.759,464607,UHS
2017-10-24,112.5594,112.9686,110.9922,111.3016,1038363,UHS
2017-10-25,110.3034,110.4332,106.3704,110.3034,1816509,UHS
2017-10-26,109.1954,109.385,102.8467,103.6752,2763048,UHS
2017-10-27,103.6752,104.8841,102.3376,103.3059,1249657,UHS
2017-10-30,102.9465,103.7351,101.1297,102.098,1116108,UHS
2017-10-31,101.9782,103.8749,101.6388,102.5173,777961,UHS
2017-11-01,102.2677,102.9265,100.6007,101.9383,1338530,UHS
2017-11-02,101.4791,103.2659,101.4791,102.2178,942431,UHS
2017-11-03,102.6371,102.6371,101.2396,101.4292,656496,UHS
2017-11-06,101.7387,102.4175,101.0699,101.569,591287,UHS
2017-11-07,101.8085,102.7169,100.4709,100.8702,576361,UHS
2017-11-08,100.3711,101.0599,99.3829,100.5608,715666,UHS
2017-11-09,100.411,100.9491,98.9137,99.6125,1149761,UHS
2017-11-10,99.1333,99.4727,96.6677,97.5362,1507922,UHS
2017-11-13,97.1968,98.5743,95.4199,97.5861,1763544,UHS
2017-11-14,97.2067,97.4064,95.8292,96.8274,1121040,UHS
2017-11-15,96.3383,96.528,95.0905,95.5996,1029052,UHS
2017-11-16,96.3283,98.4845,96.3183,98.205,1043165,UHS
2017-11-17,98.0652,98.5643,96.9971,97.047,688757,UHS
2017-11-20,97.057,97.072,95.7493,96.7076,824733,UHS
2017-11-21,96.9173,98.7739,96.0588,98.5943,866834,UHS
2017-11-22,98.3347,101.4192,98.175,100.401,757618,UHS
2017-11-24,100.1615,100.411,98.8937,100.3012,384329,UHS
2017-11-27,100.1914,101.2495,99.6624,100.5608,747119,UHS
2017-11-28,100.9101,102.3276,100.1814,102.1479,556429,UHS
2017-11-29,102.5273,108.1772,102.4474,107.2788,1747273,UHS
2017-11-30,107.6484,110.8657,106.8641,108.2579,1618247,UHS
2017-12-01,108.3778,108.8974,105.0107,107.9681,1055359,UHS
2017-12-04,108.2079,110.3062,106.1097,106.1697,876466,UHS
2017-12-05,106.0098,106.8391,103.9516,105.8599,1014805,UHS
2017-12-06,105.8599,107.7983,105.1806,107.5685,1113268,UHS
2017-12-07,107.5085,111.4352,106.909,110.2462,1556196,UHS
2017-12-08,110.4061,111.5551,109.7167,111.4652,1492658,UHS
2017-12-11,111.9348,112.4943,110.536,110.8857,1015623,UHS
2017-12-12,112.874,114.028,111.7749,112.3444,1025252,UHS
2017-12-13,112.5842,114.8823,111.635,113.7832,1101559,UHS
2017-12-14,113.5934,114.7923,112.7141,112.834,1046491,UHS
2017-12-15,113.0538,114.1329,112.5792,113.3436,1335920,UHS
2017-12-18,113.2087,114.6924,112.4643,113.0238,875148,UHS
2017-12-19,113.0338,113.8631,111.5651,112.9439,926074,UHS
2017-12-20,112.2045,112.9439,111.2554,112.6841,668803,UHS
2017-12-21,113.3536,115.4718,112.7041,114.6724,1157404,UHS
2017-12-22,114.4426,115.182,114.023,114.9622,714520,UHS
2017-12-26,115.162,116.1112,113.6633,114.2828,484269,UHS
2017-12-27,114.1029,114.6225,113.3236,114.063,368831,UHS
2017-12-28,114.5825,114.8023,113.7432,114.2728,299353,UHS
2017-12-29,114.4926,115.0221,113.2237,113.2537,507291,UHS
2018-01-02,114.063,115.6216,113.2537,115.5017,754023,UHS
2018-01-03,115.0721,115.0721,112.2145,113.2936,845938,UHS
2018-01-04,114.053,114.053,112.0647,112.6941,689234,UHS
2018-01-05,113.3336,113.3336,110.6359,111.8748,1201769,UHS
2018-01-08,111.695,111.7006,109.1571,110.0564,1543797,UHS
2018-01-09,110.2862,111.2703,108.5277,110.6958,1228576,UHS
2018-01-10,110.6659,111.4652,109.8316,110.2662,732925,UHS
2018-01-11,110.3761,114.8723,110.3761,114.8323,982290,UHS
2018-01-12,114.9022,116.7207,114.7224,116.5508,1637289,UHS
2018-01-16,116.5608,116.9005,115.147,116.321,620400,UHS
2018-01-17,116.7107,116.8706,115.6316,115.9514,642591,UHS
2018-01-18,116.5808,117.3102,115.5217,117.2203,803328,UHS
2018-01-19,117.9397,120.0978,116.8006,117.9896,1839851,UHS
2018-01-22,118.1095,118.1095,116.1312,117.7099,710168,UHS
2018-01-23,117.8098,118.0196,115.7216,117.1503,410252,UHS
2018-01-24,117.8697,117.9996,116.7007,117.8897,684019,UHS
2018-01-25,118.5192,119.1686,117.3702,119.0287,359808,UHS
2018-01-26,119.1786,121.2469,118.5991,121.127,991013,UHS
2018-01-29,121.2069,121.7864,120.0179,120.1678,632848,UHS
2018-01-30,119.6082,125.7031,117.6199,122.4258,905324,UHS
2018-01-31,122.5957,122.7456,117.8597,121.3967,1124853,UHS
2018-02-01,120.8872,122.4658,119.1386,121.1869,594092,UHS
2018-02-02,120.3176,121.1869,118.2494,119.1986,638383,UHS
2018-02-05,119.0487,119.8381,113.4435,113.4435,1045625,UHS
2018-02-06,111.9847,117.3602,111.4102,116.7607,1035230,UHS
2018-02-07,116.2411,118.6091,115.6521,117.0204,497671,UHS
2018-02-08,116.8806,119.2785,114.7724,114.7724,669718,UHS
2018-02-09,115.9114,116.1712,111.3454,115.182,917580,UHS
2018-02-12,115.5117,116.6508,113.8432,115.5117,430050,UHS
2018-02-13,114.5426,116.3635,113.9031,116.1012,387223,UHS
2018-02-14,115.5417,117.4701,114.7524,116.7507,739855,UHS
2018-02-15,117.0904,118.4692,115.1221,118.3993,552037,UHS
2018-02-16,117.8697,118.9938,117.3402,117.7998,563905,UHS
2018-02-20,117.55,118.0396,116.4809,117.0804,622410,UHS
2018-02-21,117.2602,118.2394,115.3019,115.3719,666903,UHS
2018-02-22,115.3519,118.3193,115.3519,116.6108,1066205,UHS
2018-02-23,117.0504,117.2103,115.4518,116.3111,411997,UHS
2018-02-26,116.3011,117.2902,114.3677,116.6208,643079,UHS
2018-02-27,117.0504,119.6682,116.1712,117.5,613056,UHS
2018-02-28,117.62,118.54,114.12,114.2,1159474,UHS
2018-03-01,115.51,119.74,113.66,116.02,1468106,UHS
2018-03-02,115.92,125.42,115.91,123.84,2302265,UHS
2018-03-05,123.94,124.0,121.74,123.85,1288705,UHS
2018-03-06,124.27,125.93,123.66,124.95,976781,UHS
2018-03-07,123.93,126.88,123.64,126.2,721750,UHS
2018-03-08,126.81,127.68,126.1,127.27,768114,UHS
2018-03-09,127.65,127.82,126.15,126.66,674795,UHS
2018-03-12,126.65,128.15,125.72,126.28,849225,UHS
2018-03-13,126.8,126.8,123.73,123.89,810644,UHS
2018-03-14,124.12,125.05,122.4,123.26,873692,UHS
2018-03-15,123.73,126.0,123.38,123.83,713058,UHS
2018-03-16,123.7,124.16,122.57,123.51,928280,UHS
2018-03-19,123.62,123.8673,121.62,123.07,609864,UHS
2018-03-20,123.57,123.74,122.08,122.9,657194,UHS
2018-03-21,123.24,125.36,122.845,124.22,858197,UHS
2018-03-22,123.71,126.205,122.98,123.03,578020,UHS
2018-03-23,123.65,124.385,121.04,121.17,743997,UHS
2018-03-26,122.12,122.205,118.25,120.23,813145,UHS
2018-03-27,121.04,121.91,119.76,120.44,787289,UHS
2018-03-28,120.63,122.27,119.86,121.38,640337,UHS
2018-03-29,121.39,121.46,117.83,118.41,964416,UHS
2018-04-02,118.41,119.36,115.49,116.38,757978,UHS
2018-04-03,116.8,118.33,115.81,118.04,718972,UHS
2018-04-04,117.13,119.61,117.04,119.35,1178620,UHS
2018-04-05,119.82,122.61,119.41,121.67,595541,UHS
2018-04-06,120.72,120.96,117.58,118.5,560661,UHS
2018-04-09,118.73,120.61,118.671,119.15,473621,UHS
2018-04-10,120.58,121.13,119.62,120.07,674646,UHS
2018-04-11,119.03,120.22,118.72,119.07,677118,UHS
2018-04-12,119.86,120.73,118.99,120.1,876744,UHS
2018-04-13,120.41,120.41,118.88,119.64,616403,UHS
2018-04-16,120.42,121.0,119.38,120.55,460158,UHS
2018-04-17,121.01,121.91,119.56,120.83,1465705,UHS
2018-04-18,121.33,122.9895,120.65,121.5,1216481,UHS
2018-04-19,121.47,122.38,120.65,121.51,686336,UHS
2018-04-20,121.72,122.12,120.22,120.52,657714,UHS
2018-04-23,120.7,120.84,118.15,120.14,979859,UHS
2018-04-24,120.79,121.87,119.67,120.51,770389,UHS
2018-04-25,120.51,122.15,118.8,122.04,755037,UHS
2018-04-26,113.04,115.42,111.34,115.02,3026653,UHS
2018-04-27,114.45,115.18,113.29,114.34,1281658,UHS
2018-04-30,114.32,115.005,113.96,114.2,1070019,UHS
2018-05-01,114.49,115.16,112.61,115.01,1180614,UHS
2018-05-02,114.99,118.71,114.99,117.7,1227336,UHS
2018-05-03,117.05,117.79,115.21,117.36,1253584,UHS
2018-05-04,117.36,118.1,116.235,117.77,802242,UHS
2018-05-07,117.9,118.42,117.04,117.38,513506,UHS
2018-05-08,117.5,117.83,115.42,115.95,947827,UHS
2018-05-09,115.66,117.31,115.215,117.27,833767,UHS
2018-05-10,117.81,118.4,116.98,117.77,644355,UHS
2018-05-11,117.61,118.77,117.23,118.36,695681,UHS
2018-05-14,118.47,118.85,118.3,118.71,640145,UHS
2018-05-15,118.26,118.47,117.08,117.41,839705,UHS
2018-05-16,117.68,119.27,117.3425,118.48,345013,UHS
2018-05-17,118.5,120.03,118.2,118.7,953310,UHS
2018-05-18,118.97,119.17,117.78,117.86,506405,UHS
